[www.eivp-paris.fr/index.html]
[www.google-analytics.com/analytics.js]
[www.eivp-paris.fr/themes/custom/boots/favicon.ico]
[backblue.gif]
[fade.gif]
[index.html]
[www.eivp-paris.fr/sites/default/files/css/css_kcpJl2G6pY5K3VUDCOc-bNWZUn5aisTSW0wP2rqcOn8.css]
[cdnjs.cloudflare.com/ajax/libs/font-awesome/5.15.3/css/all.min.css]
[www.eivp-paris.fr/sites/default/files/css/css_dIe1u7l3b3bO4JQtj3Bjg5-J_avVGaFGxJzqa5eKeMk.css]
[www.eivp-paris.fr/sites/default/files/css/css_MSCMGc2p1r3Lm15XtYhP6AEk1PD3YxX_w9wGoB5tOgI.css]
[www.eivp-paris.fr/themes/custom/boots/assets/css/boots.stylef8e2.css]
[www.eivp-paris.fr/suivez-leivp-sur-les-reseaux-sociaux.html]
[www.eivp-paris.fr/vie-etudiante-campus.html]
[www.eivp-paris.fr/vous-etes.html]
[www.eivp-paris.fr/la-grande-ecole-du-genie-urbain.html]
[www.eivp-paris.fr/la-grande-ecole-du-genie-urbain/histoire.html]
[www.eivp-paris.fr/la-grande-ecole-du-genie-urbain/strategie.html]
[www.eivp-paris.fr/la-grande-ecole-du-genie-urbain/strategie/gouvernance.html]
[www.eivp-paris.fr/la-grande-ecole-du-genie-urbain/strategie/decisions-et-deliberations.html]
[www.eivp-paris.fr/actualites.html]
[www.eivp-paris.fr/la-grande-ecole-du-genie-urbain/membre-fondateur-de-luniversite-gustave-eiffel.html]
[www.eivp-paris.fr/la-grande-ecole-du-genie-urbain/responsabilite-environnementale-sociale-et-societale.html]
[www.eivp-paris.fr/la-grande-ecole-du-genie-urbain/nos-actions-odd-pour-la-planete-et-lhumanite.html]
[www.eivp-paris.fr/la-grande-ecole-du-genie-urbain/nos-actions-odd-pour-la-planete-et-lhumanite/odd-1-pauvrete.html]
[www.eivp-paris.fr/la-grande-ecole-du-genie-urbain/nos-actions-odd-pour-la-planete-et-lhumanite/odd-2-faim-et.html]
[www.eivp-paris.fr/la-grande-ecole-du-genie-urbain/nos-actions-odd-pour-la-planete-et-lhumanite/odd-3-sante.html]
[www.eivp-paris.fr/la-grande-ecole-du-genie-urbain/nos-actions-odd-pour-la-planete-et-lhumanite/odd-4-education.html]
[www.eivp-paris.fr/la-grande-ecole-du-genie-urbain/nos-actions-odd-pour-la-planete-et-lhumanite/odd-5-egalite-des-sexes.html]
[www.eivp-paris.fr/la-grande-ecole-du-genie-urbain/nos-actions-odd-pour-la-planete-et-lhumanite/odd-6-eau-et.html]
[www.eivp-paris.fr/la-grande-ecole-du-genie-urbain/nos-actions-odd-pour-la-planete-et-lhumanite/odd-7-energie.html]
[www.eivp-paris.fr/la-grande-ecole-du-genie-urbain/nos-actions-odd-pour-la-planete-et-lhumanite/odd-8-croissance.html]
[www.eivp-paris.fr/la-grande-ecole-du-genie-urbain/nos-actions-odd-pour-la-planete-et-lhumanite/odd-9-infrastructures.html]
[www.eivp-paris.fr/la-grande-ecole-du-genie-urbain/nos-actions-odd-pour-la-planete-et-lhumanite/odd-10-reduction-des.html]
[www.eivp-paris.fr/la-grande-ecole-du-genie-urbain/nos-actions-odd-pour-la-planete-et-lhumanite/odd-11-villes.html]
[www.eivp-paris.fr/la-grande-ecole-du-genie-urbain/nos-actions-odd-pour-la-planete-et-lhumanite/odd-12-consommation-et.html]
[www.eivp-paris.fr/la-grande-ecole-du-genie-urbain/nos-actions-odd-pour-la-planete-et-lhumanite/odd-13-changements.html]
[www.eivp-paris.fr/la-grande-ecole-du-genie-urbain/nos-actions-odd-pour-la-planete-et-lhumanite/odd-14-oceans.html]
[www.eivp-paris.fr/la-grande-ecole-du-genie-urbain/nos-actions-odd-pour-la-planete-et-lhumanite/odd-15-forets.html]
[www.eivp-paris.fr/la-grande-ecole-du-genie-urbain/nos-actions-odd-pour-la-planete-et-lhumanite/odd-16-paix-et-justice.html]
[www.eivp-paris.fr/la-grande-ecole-du-genie-urbain/nos-actions-odd-pour-la-planete-et-lhumanite/odd-17-partenariats.html]
[www.eivp-paris.fr/la-grande-ecole-du-genie-urbain/leivp-achete.html]
[www.eivp-paris.fr/la-grande-ecole-du-genie-urbain/leivp-recrute.html]
[www.eivp-paris.fr/formations.html]
[www.eivp-paris.fr/formations/ingenieur-e-en-genie-urbain.html]
[www.eivp-paris.fr/formations/ingenieur-e-en-genie-urbain/informations-et-admissions.html]
[www.eivp-paris.fr/formations/ingenieure-en-genie-urbain/stages-eivp.html]
[www.eivp-paris.fr/formations/ingenieure-en-genie-urbain/et-apres-eivp.html]
[www.eivp-paris.fr/formations/integrer-les-bicursus-ingenieur-e-architecte-ou-architecte-ingenieur-e.html]
[www.eivp-paris.fr/formations/masteres-specialises.html]
[www.eivp-paris.fr/formations/masteres-specialises/urbantic.html]
[www.eivp-paris.fr/formations/masteres-specialises/urbeausep.html]
[www.eivp-paris.fr/formationsmasteres-specialises/urbanergy.html]
[www.eivp-paris.fr/formations/formation-continue.html]
[www.eivp-paris.fr/formations/formation-continue/d-praug-programmation-architecturale-urbaine-et-genie-urbain.html]
[www.eivp-paris.fr/formations/formation-continue/offre-de-formation-continue.html]
[www.eivp-paris.fr/formations/formation-continue/vae.html]
[www.eivp-paris.fr/formations/formation-continue/admissions-des-internationaux-hors-ue.html]
[www.eivp-paris.fr/financer-sa-formation.html]
[www.eivp-paris.fr/formations/9-raisons-de-rejoindre-leivp.html]
[www.eivp-paris.fr/formations/foire-aux-questions.html]
[www.eivp-paris.fr/international.html]
[www.eivp-paris.fr/international/urban-planning-program.html]
[www.eivp-paris.fr/international/how-get-visa.html]
[www.eivp-paris.fr/international/study-at-eivp.html]
[www.eivp-paris.fr/international/languages.html]
[www.eivp-paris.fr/international/student-life.html]
[www.eivp-paris.fr/international/international-partnerships.html]
[www.eivp-paris.fr/entreprises.html]
[www.eivp-paris.fr/entreprises/recruter-nos-eleves-apprentis-et-diplomes.html]
[www.eivp-paris.fr/entreprises/soutenir-leivp.html]
[www.eivp-paris.fr/entreprises/taxe-apprentissage.html]
[www.eivp-paris.fr/entreprises/entrepreneuriat.html]
[www.eivp-paris.fr/entreprises/partenariats-de-recherche.html]
[www.eivp-paris.fr/observatoire-des-metiers-et-competences-ville-de-demain.html]
[www.eivp-paris.fr/recherche.html]
[www.eivp-paris.fr/recherche/lequipe.html]
[www.eivp-paris.fr/recherche/nos-projets-de-recherche.html]
[www.eivp-paris.fr/recherche/laboratoires-de-recherche.html]
[www.eivp-paris.fr/recherche/chaires-denseignement-et-de-recherche.html]
[www.eivp-paris.fr/recherche/investissez-dans-une-chaire-dentreprise.html]
[www.eivp-paris.fr/recherche/nos-articles-scientifiques.html]
[www.eivp-paris.fr/evenements/journees-du-genie-urbain-2023.html]
[www.eivp-paris.fr/recherche/universites-dete-de-leivp-2007-2021.html]
[www.eivp-paris.fr/recherche/nos-ouvrages-publies.html]
[www.eivp-paris.fr/ressources.html]
[www.eivp-paris.fr/ressources/location-de-salles.html]
[www.eivp-paris.fr/evenements.html]
[www.eivp-paris.fr/ressources/outils-internes.html]
[www.eivp-paris.fr/sites/default/files/styles/max_2600x2600/public/2024-09/visuel_page_accueil_eivp_2024b622.jpg]
[www.eivp-paris.fr/actualites/leivp-3eme-ecole-dingenieurs-la-plus-engagee-dans-la-transition-ecologique-et-sociale.html]
[www.eivp-paris.fr/actualites/leivp-4-au-classement-2024-des-ecoles-les-plus-engagees-dans-la-transition-ecologique.html]
[www.eivp-paris.fr/sites/default/files/styles/max_2600x2600/public/2023-02/Picto site web EIVP3f8a.png]
[www.eivp-paris.fr/cycle-ingenieur-en-genie-urbain.html]
[www.eivp-paris.fr/sites/default/files/styles/max_2600x2600/public/2018-01/urbanisme7496.png]
[www.eivp-paris.fr/sites/default/files/styles/max_2600x2600/public/2018-01/masterese31c.png]
[www.eivp-paris.fr/larchitecture-leivp.html]
[www.eivp-paris.fr/sites/default/files/styles/max_2600x2600/public/2018-01/bicursus_04b6c.png]
[www.eivp-paris.fr/actualites/communique-de-presse-melody-tonolli-elue-presidente-de-leivp-une-nouvelle-impulsion-pour.html]
[www.eivp-paris.fr/sites/default/files/styles/max_325x325/public/2026-06/Mélody Tonolli_08d9c.jpg]
[www.eivp-paris.fr/actualites/retour-sur-ledition-2026-de-la-semaine-innovation-entrepreneuriat-de-leivp-en.html]
[www.eivp-paris.fr/sites/default/files/styles/max_325x325/public/2026-03/Lauréats SI 2026 - LinkedIn Photo 1_090a6.jpg]
[www.eivp-paris.fr/actualites/communique-de-presse-leivp-et-veolia-organisent-la-10eme-semaine-entrepreneuriat.html]
[www.eivp-paris.fr/sites/default/files/styles/max_325x325/public/2026-03/SEMAINE INNO 1b4b0.png]
[www.eivp-paris.fr/actualites/rapport-dactivite-2022-2024.html]
[www.eivp-paris.fr/sites/default/files/styles/max_325x325/public/2025-12/Couverture RA635c.png]
[www.eivp-paris.fr/sites/default/files/styles/max_2600x2600/public/2022-10/picto_site_web_eivp_femmes_hommes0609.jpg]
[www.eivp-paris.fr/sites/default/files/styles/max_2600x2600/public/2022-10/picto_international1d61.jpg]
[www.eivp-paris.fr/sites/default/files/styles/max_2600x2600/public/2022-10/Picto insertion6cca.jpg]
[www.eivp-paris.fr/campus-eivp/vie-etudiante-et-associative.html]
[www.eivp-paris.fr/sites/default/files/styles/square_2x/public/2024-06/Visuel page accueil étudiants EIVP347c.jpg]
[www.eivp-paris.fr/sites/default/files/styles/square_2x/public/2025-11/2025 GRAS of Gustave Eiffel Universitye402.png]
[www.eivp-paris.fr/sites/default/files/styles/square_2x/public/2024-06/Visuel page accueil international EIVP242e.jpg]
[www.eivp-paris.fr/assistant-e-en-architecture-eps-aa.html]
[www.eivp-paris.fr/sites/default/files/styles/max_2600x2600/public/2022-05/logo_pariscd18.jpg]
[www.eivp-paris.fr/sites/default/files/styles/max_2600x2600/public/2022-10/Logo CGE site EIVPc427.jpg]
[www.eivp-paris.fr/sites/default/files/styles/max_2600x2600/public/2022-10/logo_cti_site_eivp9823.jpg]
[www.eivp-paris.fr/sites/default/files/styles/max_2600x2600/public/2022-10/logo_uge_site_eivp8158.jpg]
[www.eivp-paris.fr/contact.html]
[www.eivp-paris.fr/user/login.html]
[www.eivp-paris.fr/sites/default/files/images/avatar_white_H_web2.png]
[www.eivp-paris.fr/mentions-legales.html]
[www.eivp-paris.fr/sitemap.html]
[www.eivp-paris.fr/sites/default/files/js/js_0YxXZ8YZxGd-9ImG49GpQMc7k9g1QgwVq7coxUqswd4.js]
[static.addtoany.com/menu/page.js]
[www.eivp-paris.fr/index.html]
[www.eivp-paris.fr/sites/default/files/js/js_2OFEalkyOH6J0WND2ZPcGLQH1azNRCjWPeuboudRYCo.js]
[www.eivp-paris.fr/core/misc/throbber-active.gif]
[www.eivp-paris.fr/core/misc/loading-small.gif]
[www.eivp-paris.fr/core/misc/throbber-inactive.png]
[www.eivp-paris.fr/core/misc/tree.png]
[www.eivp-paris.fr/core/misc/tree-bottom.png]
[www.eivp-paris.fr/sites/default/files/css/css_kcpJl2G6pY5K3VUDCOc-bNWZUn5aisTSW0wP2rqcOn8.css]
[cdnjs.cloudflare.com/ajax/libs/font-awesome/5.15.3/css/all.min.css]
[www.eivp-paris.fr/sites/default/files/css/css_dIe1u7l3b3bO4JQtj3Bjg5-J_avVGaFGxJzqa5eKeMk.css]
[www.eivp-paris.fr/themes/custom/boots/assets/css/src/datedropper.eot]
[www.eivp-paris.fr/themes/custom/boots/assets/css/src/datedropper.woff]
[www.eivp-paris.fr/themes/custom/boots/assets/css/src/datedropper.ttf]
[www.eivp-paris.fr/themes/custom/boots/assets/css/default-skin/default-skin.png]
[www.eivp-paris.fr/themes/custom/boots/assets/css/default-skin/preloader.gif]
[www.eivp-paris.fr/themes/custom/boots/bower_components/owl.carousel/dist/assets/owl.video.play.png]
[www.eivp-paris.fr/sites/default/files/css/css_MSCMGc2p1r3Lm15XtYhP6AEk1PD3YxX_w9wGoB5tOgI.css]
[www.eivp-paris.fr/themes/custom/boots/assets/fonts/fontawesome-webfont3e6e.eot]
[www.eivp-paris.fr/themes/custom/boots/assets/fonts/fontawesome-webfontd41d.eot]
[www.eivp-paris.fr/themes/custom/boots/assets/fonts/fontawesome-webfont3e6e.woff]
[www.eivp-paris.fr/themes/custom/boots/assets/fonts/fontawesome-webfont3e6e.ttf]
[www.eivp-paris.fr/themes/custom/boots/assets/images/breadcrumb-sep.png]
[www.eivp-paris.fr/themes/custom/boots/assets/images/shadow-image-hover.png]
[www.eivp-paris.fr/themes/custom/boots/assets/images/phone-footer.png]
[www.eivp-paris.fr/themes/custom/boots/assets/images/collapse-menu.png]
[www.eivp-paris.fr/themes/custom/boots/assets/images/sidemenu-arrow.png]
[www.eivp-paris.fr/themes/custom/boots/assets/images/icn-download.png]
[www.eivp-paris.fr/themes/custom/boots/assets/images/icn-link.png]
[www.eivp-paris.fr/themes/custom/boots/assets/images/icn-publication.png]
[www.eivp-paris.fr/themes/custom/boots/assets/css/boots.stylef8e2.css]
[www.eivp-paris.fr/themes/custom/boots/theme-tmpf8e2.css]
[www.eivp-paris.fr/themes/custom/boots/assets/images/eivp-logo-color.svg]
[www.eivp-paris.fr/core/assets/vendor/modernizr/modernizr.minad3d.js]
[www.eivp-paris.fr/core/misc/modernizr-additional-testsad3d.js]
[www.eivp-paris.fr/sites/default/files/styles/square_2x/public/2022-10/Instagram EIVP mosaïque5ff9.jpg]
[www.eivp-paris.fr/sites/default/files/styles/square_2x/public/2022-10/LinkedIn EIVP mosaïque64a5.jpg]
[www.eivp-paris.fr/sites/default/files/styles/square_2x/public/2022-10/Facebook EIVP mosaïqueef01.jpg]
[www.eivp-paris.fr/sites/default/files/styles/square_2x/public/2022-10/YouTube EIVP mosaïque56a3.jpg]
[www.eivp-paris.fr/sites/default/files/styles/square_2x/public/2022-11/bouton scoop it7d5b.png]
[www.eivp-paris.fr/suivez-leivp-sur-les-reseaux-sociaux.html]
[www.eivp-paris.fr/sites/default/files/js/js_z36bQAkQhCZhuknUMNN0D_UjtUvICJ4QUrO_MaVlPbI.js]
[www.eivp-paris.fr/sites/default/files/css/css_Q4PLV7SbFgPelmPCihrVkA8ypdcUuxsYl1t4QMk4_z4.css]
[www.eivp-paris.fr/campus-eivp/venir-au-campus.html]
[www.eivp-paris.fr/sites/default/files/styles/square_2x/public/2022-10/Photo Campus EIVPd480.jpg]
[www.eivp-paris.fr/campus-eivp/vie-pratique.html]
[www.eivp-paris.fr/sites/default/files/styles/square_2x/public/2022-10/Forum EIVP Photo 23dd7.jpg]
[www.eivp-paris.fr/sites/default/files/styles/square_2x/public/2022-10/Photo BDS EIVP6db1.jpg]
[www.eivp-paris.fr/sites/default/files/styles/max_325x325/public/2018-04/Entrée Ecole_098d4.jpg]
[www.eivp-paris.fr/sites/default/files/styles/max_325x325/public/2022-10/Photo jardin clos du partage EIVPfb8d.jpg]
[www.eivp-paris.fr/sites/default/files/styles/max_325x325/public/2018-03/patio7d6f.jpg]
[www.eivp-paris.fr/sites/default/files/styles/max_325x325/public/2018-04/jardin-epsaa-assistant-architecture-eivp094c.jpg]
[www.eivp-paris.fr/sites/default/files/2025-07/plaquette_alpha_eivp_2025-2026.pdf]
[www.eivp-paris.fr/sites/default/files/2025-09/charte_des_evenements_festifs_eivp_2025.pdf]
[www.eivp-paris.fr/sites/default/files/2025-07/politique_eivp_ddrs_2024-2026.pdf]
[www.eivp-paris.fr/sites/default/files/2023-06/Accord de Grenoble EIVP 2023.pdf]
[www.eivp-paris.fr/vie-etudiante-campus.html]
[www.eivp-paris.fr/future-eleve.html]
[www.eivp-paris.fr/sites/default/files/styles/square_2x/public/2024-03/Persona candidat.e_0eb63.jpg]
[www.eivp-paris.fr/eleve.html]
[www.eivp-paris.fr/sites/default/files/styles/square_2x/public/2024-03/Persona élève4a92.jpg]
[www.eivp-paris.fr/enseignante-chercheurse.html]
[www.eivp-paris.fr/sites/default/files/styles/square_2x/public/2024-03/Persona enseignant.e7c0e.jpg]
[www.eivp-paris.fr/alumni.html]
[www.eivp-paris.fr/sites/default/files/styles/square_2x/public/2024-03/Persona alumni1244.jpg]
[www.eivp-paris.fr/entreprise.html]
[www.eivp-paris.fr/sites/default/files/styles/square_2x/public/2024-03/Persona entreprise4fcb.jpg]
[www.eivp-paris.fr/presse-communication.html]
[www.eivp-paris.fr/sites/default/files/styles/square_2x/public/2024-03/Persona presseb1aa.jpg]
[www.eivp-paris.fr/vous-etes.html]
[www.eivp-paris.fr/sites/default/files/styles/max_325x325/public/2022-02/Campus EIVP V24f8e.jpg]
[www.eivp-paris.fr/le-genie-urbain-revisite-ue-2016.html]
[www.eivp-paris.fr/sites/default/files/2025-12/eivp_la_grande_ecole_du_genie_urbain_0.pdf]
[www.eivp-paris.fr/la-grande-ecole-du-genie-urbain.html]
[www.eivp-paris.fr/sites/default/files/styles/max_325x325/public/2018-04/FACADE_WEB2bca.jpg]
[www.eivp-paris.fr/actualites/leivp-est-heureuse-dannoncer-la-signature-de-la-chaire-isci-mena-avec-onu-habitat.html]
[www.eivp-paris.fr/actualites/indigo-et-l-eivp-lancent-la-chaire-infrastructures-urbaines-circulaires.html]
[www.eivp-paris.fr/recherche/chaire-valorisation-des-terres-issues-des-chantiers-urbains.html]
[www.eivp-paris.fr/recherche/chaire-eclairage-urbain-du-futur.html]
[www.eivp-paris.fr/sites/default/files/styles/max_325x325/public/2018-04/_FKP742808b0.jpg]
[www.eivp-paris.fr/sites/default/files/styles/max_325x325/public/2018-04/COUR_EIVP_WEBe638.jpg]
[www.eivp-paris.fr/sites/default/files/styles/max_325x325/public/2018-04/Bâtiment316e.jpg]
[www.eivp-paris.fr/la-grande-ecole-du-genie-urbain/histoire.html]
[www.eivp-paris.fr/sites/default/files/styles/max_325x325/public/2024-02/Campus EIVP_V30a7a.jpg]
[www.eivp-paris.fr/sites/default/files/2024-02/2024_contrat_dobjectifs_vdp.pdf]
[www.eivp-paris.fr/la-grande-ecole-du-genie-urbain/strategie.html]
[www.eivp-paris.fr/sites/default/files/2022-07/statuts_2022.pdf]
[www.eivp-paris.fr/sites/default/files/2026-06/20260629_organigramme_eivp.pdf]
[www.eivp-paris.fr/la-grande-ecole-du-genie-urbain/strategie/gouvernance.html]
[www.eivp-paris.fr/sites/default/files/js/js_Mxaq4-hRAx-qeEC02VaegckRSfqJ2moAjm9hO3hDIs0.js]
[www.eivp-paris.fr/sites/default/files/css/css_oCH9V26TYhbmz-_hoVqgRwN4seGrIWFEf_38U1euBQE.css]
[www.eivp-paris.fr/deliberations-du-1er-juin-2026.html]
[www.eivp-paris.fr/deliberations-du-9-mars-2026.html]
[www.eivp-paris.fr/conseil-dadministration-du-15-decembre-2025.html]
[www.eivp-paris.fr/conseil-dadministration-du-1er-decembre-2025.html]
[www.eivp-paris.fr/conseil-dadministration-du-13-octobre-2025.html]
[www.eivp-paris.fr/conseil-dadministration-du-20-juin-2025.html]
[www.eivp-paris.fr/conseil-dadministration-du-20-mars-2025.html]
[www.eivp-paris.fr/conseil-dadministration-du-3-decembre-2024.html]
[www.eivp-paris.fr/conseil-dadministration-du-14-octobre-2024.html]
[www.eivp-paris.fr/conseil-dadministration-du-1er-juillet-2024.html]
[www.eivp-paris.fr/conseil-dadministration-du-29-mars-2024.html]
[www.eivp-paris.fr/conseil-dadministration-du-19-janvier-2024.html]
[www.eivp-paris.fr/conseil-dadministration-du-4-decembre-2023.html]
[www.eivp-paris.fr/conseil-dadministration-du-20-novembre-2023.html]
[www.eivp-paris.fr/conseil-dadministration-du-3-juillet-2023.html]
[www.eivp-paris.fr/conseil-dadministration-du-19-avril-2023.html]
[www.eivp-paris.fr/conseil-dadministration-du-19-decembre-2022.html]
[www.eivp-paris.fr/conseil-dadministration-du-28-novembre.html]
[www.eivp-paris.fr/conseil-dadministration-du-19-octobre-2022.html]
[www.eivp-paris.fr/conseil-dadministration-du-4-juillet-2022.html]
[www.eivp-paris.fr/conseil-dadministration-du-28-mars-2022.html]
[www.eivp-paris.fr/conseil-dadministration-du-7-fevrier-2022.html]
[www.eivp-paris.fr/conseil-dadministration-du-13-decembre-2021.html]
[www.eivp-paris.fr/conseil-dadministration-du-18-octobre-2021.html]
[www.eivp-paris.fr/conseil-dadministration-du-30-juin-2021.html]
[www.eivp-paris.fr/conseil-dadministration-du-16-mars-2021.html]
[www.eivp-paris.fr/conseil-dadministration-du-8-decembre-2020.html]
[www.eivp-paris.fr/conseil-dadministration-du-9-novembre-2020.html]
[www.eivp-paris.fr/conseil-dadministration-du-3-novembre-2020.html]
[www.eivp-paris.fr/conseil-dadministration-du-20052020.html]
[www.eivp-paris.fr/conseil-dadministration-du-6122019.html]
[www.eivp-paris.fr/conseil-dadministration-du-17102019.html]
[www.eivp-paris.fr/conseil-dadministration-du-20092019.html]
[www.eivp-paris.fr/conseil-dadministration-du-03072019.html]
[www.eivp-paris.fr/conseil-dadministration-du-20032019.html]
[www.eivp-paris.fr/conseil-dadministration-du-20122018.html]
[www.eivp-paris.fr/conseil-dadministration-du-23102018.html]
[www.eivp-paris.fr/conseil-dadministration-du-27062018.html]
[www.eivp-paris.fr/conseil-dadministration-du-30032018.html]
[www.eivp-paris.fr/conseil-dadministration-du-21122017.html]
[www.eivp-paris.fr/conseil-dadministration-du-25102017.html]
[www.eivp-paris.fr/conseil-dadministration-du-14062017.html]
[www.eivp-paris.fr/conseil-dadministration-du-01032017.html]
[www.eivp-paris.fr/conseil-dadministration-du-24112016.html]
[www.eivp-paris.fr/conseil-dadministration-du-20102016.html]
[www.eivp-paris.fr/conseil-dadministration-du-02062016.html]
[www.eivp-paris.fr/conseil-dadministration-du-16032016.html]
[www.eivp-paris.fr/conseil-dadministration-du-02122015.html]
[www.eivp-paris.fr/conseil-dadministration-du-07102015.html]
[www.eivp-paris.fr/conseil-dadministration-du-16062015.html]
[www.eivp-paris.fr/conseil-dadministration-du-17042015.html]
[www.eivp-paris.fr/conseil-dadministration-du-23022015.html]
[www.eivp-paris.fr/conseil-dadministration-du-10122014.html]
[www.eivp-paris.fr/conseil-dadministration-du-15102014.html]
[www.eivp-paris.fr/conseil-dadministration-du-26062014.html]
[www.eivp-paris.fr/conseil-dadministration-du-02062014.html]
[www.eivp-paris.fr/sites/default/files/2020-07/d2012031.pdf]
[www.eivp-paris.fr/sites/default/files/2019-01/d2005003_0.pdf]
[www.eivp-paris.fr/sites/default/files/2019-01/d2005005.pdf]
[www.eivp-paris.fr/sites/default/files/2019-01/d2005008.pdf]
[www.eivp-paris.fr/sites/default/files/2019-01/d2005025.pdf]
[www.eivp-paris.fr/sites/default/files/2019-01/d2008055.pdf]
[www.eivp-paris.fr/sites/default/files/2026-06/reglement_interieur_du_campus_rebeval_20240701_0.pdf]
[www.eivp-paris.fr/sites/default/files/2026-06/eivp_tarif_frais_de_scolarite_2026.pdf]
[www.eivp-paris.fr/sites/default/files/2026-01/20260122_calendrier_election_representants_etudiants.pdf]
[www.eivp-paris.fr/sites/default/files/2026-01/20260122_election_representants_etudiants.pdf]
[www.eivp-paris.fr/sites/default/files/2025-12/20251202_arrete_conditions_dattribution_du_titre_denseignant_associe.pdf]
[www.eivp-paris.fr/sites/default/files/2025-09/20250908_arrete_nomination_jury_de_diplom_ivp.pdf]
[www.eivp-paris.fr/sites/default/files/2025-07/reglement_scolarite_eivp_2025-2026-vdef.pdf]
[www.eivp-paris.fr/sites/default/files/2025-04/reglement_scolarite_eivp_2024-25_valid_cac.pdf]
[www.eivp-paris.fr/sites/default/files/2025-04/eivp_tarif_frais_de_scolarite_2025.pdf]
[www.eivp-paris.fr/sites/default/files/2024-09/2024_-_nomination_jury_diplome_ingenieur_eivp.pdf]
[www.eivp-paris.fr/sites/default/files/2023-11/99_de-20231120_arrete_delegation_de_signature_eivp.pdf]
[www.eivp-paris.fr/sites/default/files/2023-08/20230703_acte_constitutif_regie_modifie_transmis_pref.pdf]
[www.eivp-paris.fr/sites/default/files/2022-10/reglement_des_operations_electorales.pdf]
[www.eivp-paris.fr/sites/default/files/2022-02/arrete_dorganisation_fevrier_2022.pdf]
[www.eivp-paris.fr/sites/default/files/2021-03/99_de-composition_commission_vec_0.pdf]
[www.eivp-paris.fr/la-grande-ecole-du-genie-urbain/strategie/decisions-et-deliberations.html]
[www.eivp-paris.fr/sites/default/files/css/css_Q763cgvAe-iUGMX3IaieOShBTPOO3oVP9ME8gEbGlnE.css]
[www.eivp-paris.fr/sites/default/files/css/css_tres_lsKllBesfC2kWe74XZRl1JlcwAxhIiXZjYqXpg.css]
[www.eivp-paris.fr/sites/default/files/styles/max_325x325/public/2025-12/Change Now6323.jpg]
[www.eivp-paris.fr/actualites/rejoignez-lecole-des-ingenieurs-de-la-ville-de-paris-4-postes-denseignants-chercheurs.html]
[www.eivp-paris.fr/sites/default/files/styles/max_325x325/public/2025-12/Photo EIVP27c6b.png]
[www.eivp-paris.fr/actualitesc273.html]
[www.eivp-paris.fr/actualites5936.html]
[www.eivp-paris.fr/actualites2c79.html]
[www.eivp-paris.fr/actualites0ad8.html]
[www.eivp-paris.fr/actualites9d6b.html]
[www.eivp-paris.fr/actualites3deb.html]
[www.eivp-paris.fr/actualitese77d.html]
[www.eivp-paris.fr/actualitesa26e.html]
[www.eivp-paris.fr/actualitesd87b.html]
[www.eivp-paris.fr/actualitesfdb5.html]
[www.eivp-paris.fr/actualites.html]
[www.eivp-paris.fr/sites/default/files/js/js_0T82AoMH2ESTcggOrpDjriELaQ45jf2AiU1qQ8bXW0k.js]
[www.eivp-paris.fr/sites/default/files/styles/max_325x325/public/2021-12/Université Gustave Eiffeldd0d.jpg]
[www.eivp-paris.fr/la-grande-ecole-du-genie-urbain/membre-fondateur-de-luniversite-gustave-eiffel.html]
[www.eivp-paris.fr/sites/default/files/css/css_rkDLw2VnEcqiIgCzkfdYjYUEAl42KWOaRcHqTg-vPag.css]
[www.eivp-paris.fr/sites/default/files/styles/max_325x325/public/2024-02/Illustration site web DD&RS688a.jpg]
[www.eivp-paris.fr/sites/default/files/styles/max_325x325/public/2024-02/Illustration site web Accord de Grenoble_0fbd3.jpg]
[www.eivp-paris.fr/actualites/accord-de-grenoble-leivp-renforce-son-engagement-pour-un-avenir-soutenable.html]
[www.eivp-paris.fr/sites/default/files/styles/max_325x325/public/2024-02/Illustration site web élèves engagement_05e89.jpg]
[www.eivp-paris.fr/sites/default/files/2022-08/2015_charte_economie_circulaire.pdf]
[www.eivp-paris.fr/sites/default/files/2018-03/convention_cge_cdefi_1.pdf]
[www.eivp-paris.fr/la-grande-ecole-du-genie-urbain/responsabilite-environnementale-sociale-et-societale.html]
[www.eivp-paris.fr/sites/default/files/styles/max_325x325/public/2022-10/odd_onu_visuel_site_eivpcce7.jpg]
[www.eivp-paris.fr/sites/default/files/styles/square_2x/public/2022-10/ODD 1 mosaïquecef1.jpg]
[www.eivp-paris.fr/sites/default/files/styles/square_2x/public/2022-10/ODD 2 mosaïque9b03.jpg]
[www.eivp-paris.fr/sites/default/files/styles/square_2x/public/2022-10/ODD 3 mosaïqueb4ef.jpg]
[www.eivp-paris.fr/sites/default/files/styles/square_2x/public/2022-10/ODD 4 mosaïque1b43.jpg]
[www.eivp-paris.fr/sites/default/files/styles/square_2x/public/2022-10/ODD 5 mosaïque6ded.jpg]
[www.eivp-paris.fr/sites/default/files/styles/square_2x/public/2022-10/ODD 6 mosaïqueb413.jpg]
[www.eivp-paris.fr/sites/default/files/styles/square_2x/public/2022-10/ODD 7 mosaïque9240.jpg]
[www.eivp-paris.fr/sites/default/files/styles/square_2x/public/2022-10/ODD 8 mosaïque7a66.jpg]
[www.eivp-paris.fr/sites/default/files/styles/square_2x/public/2022-10/ODD 9 mosaïque4ed2.jpg]
[www.eivp-paris.fr/sites/default/files/styles/square_2x/public/2022-10/ODD 10 mosaïque2fb4.jpg]
[www.eivp-paris.fr/sites/default/files/styles/square_2x/public/2022-10/ODD 11 mosaïquea71c.jpg]
[www.eivp-paris.fr/sites/default/files/styles/square_2x/public/2022-10/ODD 12 mosaïquee12d.jpg]
[www.eivp-paris.fr/sites/default/files/styles/square_2x/public/2022-10/ODD 13 mosaïque1fa1.jpg]
[www.eivp-paris.fr/sites/default/files/styles/square_2x/public/2022-10/ODD 14 mosaïque114b.jpg]
[www.eivp-paris.fr/sites/default/files/styles/square_2x/public/2022-10/ODD 15 mosaïquebd03.jpg]
[www.eivp-paris.fr/sites/default/files/styles/square_2x/public/2022-10/ODD 16 mosaïque67b9.jpg]
[www.eivp-paris.fr/sites/default/files/styles/square_2x/public/2022-10/ODD 17 mosaïque158b.jpg]
[www.eivp-paris.fr/sites/default/files/styles/square_2x/public/2022-10/ODD renvoi vers site ONU9bd4.jpg]
[www.eivp-paris.fr/la-grande-ecole-du-genie-urbain/nos-actions-odd-pour-la-planete-et-lhumanite.html]
[www.eivp-paris.fr/sites/default/files/styles/max_325x325/public/2022-10/ODD 1 mosaïquef65d.jpg]
[www.eivp-paris.fr/la-grande-ecole-du-genie-urbain/nos-actions-odd-pour-la-planete-et-lhumanite/odd-1-pauvrete.html]
[www.eivp-paris.fr/sites/default/files/styles/max_325x325/public/2022-10/ODD 2 mosaïque6a81.jpg]
[www.eivp-paris.fr/la-grande-ecole-du-genie-urbain/nos-actions-odd-pour-la-planete-et-lhumanite/odd-2-faim-et.html]
[www.eivp-paris.fr/sites/default/files/styles/max_325x325/public/2022-10/ODD 3 mosaïque3dc3.jpg]
[www.eivp-paris.fr/la-grande-ecole-du-genie-urbain/nos-actions-odd-pour-la-planete-et-lhumanite/odd-3-sante.html]
[www.eivp-paris.fr/actualites/rentree-2021-leivp-et-le-bureau-des-eleves-signent-la-charte-des-evenements-festifs.html]
[www.eivp-paris.fr/sites/default/files/styles/max_325x325/public/2022-10/ODD 4 mosaïque4610.jpg]
[www.eivp-paris.fr/formations/ingenieur-e-en-genie-urbain/informations-et-admissions/concours-interne.html]
[www.eivp-paris.fr/la-grande-ecole-du-genie-urbain/nos-actions-odd-pour-la-planete-et-lhumanite/odd-4-education.html]
[www.eivp-paris.fr/sites/default/files/styles/max_325x325/public/2022-10/ODD 5 mosaïque9cd3.jpg]
[www.eivp-paris.fr/la-grande-ecole-du-genie-urbain/nos-actions-odd-pour-la-planete-et-lhumanite/odd-5-egalite-des-sexes.html]
[www.eivp-paris.fr/sites/default/files/styles/max_325x325/public/2022-10/ODD 6 mosaïquea022.jpg]
[www.eivp-paris.fr/la-grande-ecole-du-genie-urbain/nos-actions-odd-pour-la-planete-et-lhumanite/odd-6-eau-et.html]
[www.eivp-paris.fr/sites/default/files/styles/max_325x325/public/2022-10/ODD 7 mosaïquee167.jpg]
[www.eivp-paris.fr/la-grande-ecole-du-genie-urbain/nos-actions-odd-pour-la-planete-et-lhumanite/odd-7-energie.html]
[www.eivp-paris.fr/sites/default/files/styles/max_325x325/public/2022-10/ODD 8 mosaïquec8b3.jpg]
[www.eivp-paris.fr/la-grande-ecole-du-genie-urbain/nos-actions-odd-pour-la-planete-et-lhumanite/odd-8-croissance.html]
[www.eivp-paris.fr/actualites/retour-sur-ledition-2021-de-la-semaine-innovation-entrepreneuriat.html]
[www.eivp-paris.fr/sites/default/files/styles/max_325x325/public/2022-10/ODD 9 mosaïque8cd2.jpg]
[www.eivp-paris.fr/la-grande-ecole-du-genie-urbain/nos-actions-odd-pour-la-planete-et-lhumanite/odd-9-infrastructures.html]
[www.eivp-paris.fr/actualites/prix-de-lingenierie-du-futur-des-eleves-de-leivp-double-laureats.html]
[www.eivp-paris.fr/sites/default/files/styles/max_325x325/public/2022-10/ODD 10 mosaïqueb429.jpg]
[www.eivp-paris.fr/la-grande-ecole-du-genie-urbain/nos-actions-odd-pour-la-planete-et-lhumanite/odd-10-reduction-des.html]
[www.eivp-paris.fr/sites/default/files/styles/max_325x325/public/2022-10/ODD 11 mosaïque9a6e.jpg]
[www.eivp-paris.fr/la-grande-ecole-du-genie-urbain/nos-actions-odd-pour-la-planete-et-lhumanite/odd-11-villes.html]
[www.eivp-paris.fr/sites/default/files/styles/max_325x325/public/2022-10/ODD 12 mosaïque0ef9.jpg]
[www.eivp-paris.fr/la-grande-ecole-du-genie-urbain/nos-actions-odd-pour-la-planete-et-lhumanite/odd-12-consommation-et.html]
[www.eivp-paris.fr/la-grande-ecole-du-genie-urbain/nos-actions-odd-pour-la-planete-et-lhumanite/odd-13-changements.html]
[www.eivp-paris.fr/sites/default/files/styles/max_325x325/public/2022-10/ODD 13 mosaïque4778.jpg]
[www.eivp-paris.fr/sites/default/files/styles/max_325x325/public/2022-10/ODD 14 mosaïque8d45.jpg]
[www.eivp-paris.fr/la-grande-ecole-du-genie-urbain/nos-actions-odd-pour-la-planete-et-lhumanite/odd-14-oceans.html]
[www.eivp-paris.fr/sites/default/files/styles/max_325x325/public/2022-10/ODD 15 mosaïquebebb.jpg]
[www.eivp-paris.fr/la-grande-ecole-du-genie-urbain/nos-actions-odd-pour-la-planete-et-lhumanite/odd-15-forets.html]
[www.eivp-paris.fr/sites/default/files/styles/max_325x325/public/2022-10/ODD 16 mosaïqued2a3.jpg]
[www.eivp-paris.fr/la-grande-ecole-du-genie-urbain/nos-actions-odd-pour-la-planete-et-lhumanite/odd-16-paix-et-justice.html]
[www.eivp-paris.fr/la-grande-ecole-du-genie-urbain/nos-actions-odd-pour-la-planete-et-lhumanite/odd-17-partenariats.html]
[www.eivp-paris.fr/sites/default/files/styles/max_325x325/public/2022-10/ODD 17 mosaïque6551.jpg]
[www.eivp-paris.fr/la-grande-ecole-du-genie-urbain/leivp-achete.html]
[www.eivp-paris.fr/sites/default/files/styles/max_325x325/public/2025-07/Photo EIVP recruteefe2.jpg]
[www.eivp-paris.fr/sites/default/files/2026-03/20260330_fp_adjoint_de.pdf]
[www.eivp-paris.fr/sites/default/files/styles/max_325x325/public/2025-07/EIVP-CMJN-couleurs-300dpid6d7.png]
[www.eivp-paris.fr/la-grande-ecole-du-genie-urbain/leivp-recrute.html]
[www.eivp-paris.fr/sites/default/files/styles/square_2x/public/2018-03/2006_0405granulat0043501c.jpg]
[www.eivp-paris.fr/sites/default/files/styles/square_2x/public/2024-12/EPS-AA concours 2023b28b.jpg]
[www.eivp-paris.fr/sites/default/files/styles/square_2x/public/2018-03/cours construction (2)0316.jpg]
[www.eivp-paris.fr/sites/default/files/styles/square_2x/public/2021-12/Formations EPS AA12b0.jpg]
[www.eivp-paris.fr/sites/default/files/styles/square_2x/public/2021-12/MS Specialise89f1.jpg]
[www.eivp-paris.fr/sites/default/files/styles/square_2x/public/2018-04/Entrée Ecole_043f7.jpg]
[www.eivp-paris.fr/formations.html]
[www.eivp-paris.fr/sites/default/files/css/css_jSiC5HexpFJD6v5rlipxyATK-G_uq97Q-0nhSCYhBAM.css]
[www.eivp-paris.fr/sites/default/files/css/css_VMstfCSBCI7EpuFzoPXxXj0Fl1OOuyhjPYZ5atAjedE.css]
[www.eivp-paris.fr/sites/default/files/styles/max_325x325/public/2018-03/6 IMG_19205748.jpg]
[www.eivp-paris.fr/sites/default/files/styles/max_325x325/public/2025-01/Visuel - les domaines du génie urbainf361.jpg]
[www.eivp-paris.fr/sites/default/files/2025-10/planning_apprentissage_2025-2026.pdf]
[www.eivp-paris.fr/sites/default/files/2025-10/programme_ivpa_2025-2026_0.pdf]
[www.eivp-paris.fr/sites/default/files/2025-10/programme_ivp_2025-2026_1.pdf]
[www.eivp-paris.fr/sites/default/files/2025-10/reglement_de_la_scolarite_toutes_formations_2025-2026_0.pdf]
[www.eivp-paris.fr/sites/default/files/styles/max_325x325/public/2018-03/logoeur-acexcti7ee5.jpg]
[www.eivp-paris.fr/formations/ingenieur-e-en-genie-urbain.html]
[www.eivp-paris.fr/sites/default/files/js/js_grXvXirjbYmY7BoEIBqnz4U09LcengsQ3zmB0WGhlqQ.js]
[www.eivp-paris.fr/formations/ingenieur-e-en-genie-urbain/informations-et-admissions/cpge.html]
[www.eivp-paris.fr/sites/default/files/styles/square_2x/public/2024-03/Illustration 1 infos et admissions EIVP0d01.jpg]
[www.eivp-paris.fr/formations/ingenieur-e-en-genie-urbain/informations-et-admissions/ast.html]
[www.eivp-paris.fr/sites/default/files/styles/square_2x/public/2024-03/Illustration 2 infos et admissions EIVP_0d2a7.jpg]
[www.eivp-paris.fr/sites/default/files/styles/square_2x/public/2024-03/Illustration 3 infos et admissions EIVP6253.jpg]
[www.eivp-paris.fr/sites/default/files/2023-08/Aides sur logiciel PEGASE-V2.pdf]
[www.eivp-paris.fr/sites/default/files/2025-07/EIVP Calendrier scolaire 2025-2026.pdf]
[www.eivp-paris.fr/sites/default/files/2025-10/programme_ivpa_2025-2026_1.pdf]
[www.eivp-paris.fr/sites/default/files/2025-10/programme_ivp_2025-2026_2.pdf]
[www.eivp-paris.fr/formations/ingenieur-e-en-genie-urbain/informations-et-admissions.html]
[www.eivp-paris.fr/sites/default/files/2025-10/reglement_de_la_scolarite_toutes_formations_2025-2026_1.pdf]
[www.eivp-paris.fr/sites/default/files/styles/max_325x325/public/2018-03/2006_0405granulat00432e84.jpg]
[www.eivp-paris.fr/sites/default/files/2020-03/Stage Ouvrier - Note d'Intention.docx]
[www.eivp-paris.fr/sites/default/files/2020-03/Stage Encadrement - Note d'Intention.docx]
[www.eivp-paris.fr/sites/default/files/2020-03/Stage ER-NI français.docx]
[www.eivp-paris.fr/sites/default/files/2020-03/stage_er-ni_anglais_0.doc]
[www.eivp-paris.fr/formations/ingenieure-en-genie-urbain/stages-eivp.html]
[www.eivp-paris.fr/sites/default/files/2025-07/EIVP_presentation-resultats-enquete CGE 2025.pdf]
[www.eivp-paris.fr/sites/default/files/styles/max_325x325/public/2025-07/infographie-insertion_pro-2025681d.png]
[www.eivp-paris.fr/sites/default/files/2025-07/2025_eivp-insertion_professionnelle-vf_0.pdf]
[www.eivp-paris.fr/sites/default/files/2024-07/2024-cge-eivp-insertion_professionnelle-vf.pdf]
[www.eivp-paris.fr/sites/default/files/2023-07/2023-cge-eivp-insertion_professionnelle_1.pdf]
[www.eivp-paris.fr/formations/ingenieure-en-genie-urbain/et-apres-eivp.html]
[www.eivp-paris.fr/sites/default/files/styles/max_325x325/public/2024-12/EPS-AA concours 2023651f.jpg]
[www.eivp-paris.fr/sites/default/files/2026-05/Le bicursus IA et les modalités d'admission 2026 VF-1.pdf]
[www.eivp-paris.fr/sites/default/files/2026-05/programmes_ia_2025-26._ld_14.12.2025.pdf]
[www.eivp-paris.fr/sites/default/files/2026-01/le_bicursus_ai_et_les_modalites_dadmission_2026.pdf]
[www.eivp-paris.fr/sites/default/files/2026-05/programmes_ai_2025-26._ld_14.12.2025.pdf]
[www.eivp-paris.fr/sites/default/files/styles/max_325x325/public/2018-03/projet_archi_41b8e.jpg]
[www.eivp-paris.fr/sites/default/files/styles/max_325x325/public/2018-03/courbevoie_-_pedagogie_concertation8f7b.jpg]
[www.eivp-paris.fr/sites/default/files/2026-05/le_bicursus_ia_et_les_modalites_dadmission_2026_vf-1.pdf]
[www.eivp-paris.fr/sites/default/files/2023-01/les_bicursus_et_linternational.pdf]
[www.eivp-paris.fr/sites/default/files/2026-01/Frais d'inscription bicursus 2025-2026.pdf]
[www.eivp-paris.fr/formations/integrer-les-bicursus-ingenieur-e-architecte-ou-architecte-ingenieur-e.html]
[www.eivp-paris.fr/sites/default/files/styles/square_2x/public/2025-11/URBANTIC204c.png]
[www.eivp-paris.fr/sites/default/files/styles/square_2x/public/2025-11/URBEAUSEP_038d6.png]
[www.eivp-paris.fr/sites/default/files/styles/square_2x/public/2025-12/URBANTICd164.png]
[www.eivp-paris.fr/sites/default/files/styles/max_325x325/public/2021-12/MS Specialise5c64.jpg]
[www.eivp-paris.fr/sites/default/files/styles/max_325x325/public/2018-03/datadock0857.jpg]
[www.eivp-paris.fr/formations/masteres-specialises.html]
[www.eivp-paris.fr/sites/default/files/styles/max_325x325/public/2025-11/URBANTICe3bb.png]
[www.eivp-paris.fr/media/2908.html]
[www.eivp-paris.fr/information-inscriptions-formation-continue.html]
[www.eivp-paris.fr/sites/default/files/styles/max_325x325/public/2018-03/photoancienurbantic1260e.jpg]
[www.eivp-paris.fr/sites/default/files/styles/max_325x325/public/2018-03/ancien urbantic 2e9a3.jpg]
[www.eivp-paris.fr/sites/default/files/2026-01/dossier_de_candidature_urbantic_2026-2027.docx]
[www.eivp-paris.fr/formations/masteres-specialises/urbantic.html]
[www.eivp-paris.fr/information-inscriptions-formation-continue7753.html]
[www.eivp-paris.fr/sites/default/files/styles/max_325x325/public/2025-11/URBEAUSEP_00989.png]
[www.eivp-paris.fr/media/2909.html]
[www.eivp-paris.fr/sites/default/files/styles/max_325x325/public/2018-04/urbeausep témoin f1ecc.jpg]
[www.eivp-paris.fr/sites/default/files/styles/max_325x325/public/2018-04/urbeausep témoin g6b89.jpg]
[www.eivp-paris.fr/sites/default/files/styles/max_325x325/public/2021-03/MS-2021-02-p1_0f40e.jpg]
[www.eivp-paris.fr/sites/default/files/2025-06/Plaquette MS URBEAUSEP 2025.pdf]
[www.eivp-paris.fr/sites/default/files/2026-01/dossier_de_candidature_urbeausep_2026_2027_0.docx]
[www.eivp-paris.fr/formations/masteres-specialises/urbeausep.html]
[www.eivp-paris.fr/sites/default/files/styles/max_325x325/public/2026-02/URBANTIC (1)791d.png]
[www.eivp-paris.fr/sites/default/files/2026-04/DOSSIER DE CANDIDATURE MS_26-27.pdf]
[www.eivp-paris.fr/sites/default/files/styles/max_325x325/public/2026-03/1_02a7b.png]
[www.eivp-paris.fr/sites/default/files/styles/max_325x325/public/2026-03/2_044b6.png]
[www.eivp-paris.fr/sites/default/files/styles/max_325x325/public/2026-02/4_0df64.png]
[www.eivp-paris.fr/sites/default/files/styles/max_325x325/public/2026-02/3_0266c.png]
[www.eivp-paris.fr/sites/default/files/2026-02/plaquette_ms_urbanergy_2026.pdf]
[www.eivp-paris.fr/sites/default/files/2026-04/dossier_de_candidature_ms_26-27.pdf]
[www.eivp-paris.fr/formationsmasteres-specialises/urbanergy.html]
[www.eivp-paris.fr/sites/default/files/styles/max_325x325/public/2024-09/Campus EIVP_V3062b.jpg]
[www.eivp-paris.fr/sites/default/files/2024-10/Formations techniques intra-entreprises EIVP - 2024.pdf]
[www.eivp-paris.fr/formations/formation-continue.html]
[www.eivp-paris.fr/sites/default/files/css/css_4ohvwwiEE7cguegzAU_dSWVb3lTxV6INhecw5wFiXZ4.css]
[www.eivp-paris.fr/sites/default/files/css/css_Ju2XUaqdCRwIa9PMc8Tv4kcSzMDwd8BS73oNydljaRs.css]
[www.eivp-paris.fr/sites/default/files/styles/max_325x325/public/2025-11/D-PRAUG Bannière a jourf41c.jpg]
[www.eivp-paris.fr/sites/default/files/styles/max_325x325/public/2024-03/Bandeau DPRAUG - Certif France Compétences 20249188.jpg]
[www.eivp-paris.fr/sites/default/files/2022-06/dpraug_-_programme_de_formation_certifiant_-_version_definitive_-_20220630.pdf]
[www.eivp-paris.fr/sites/default/files/styles/max_325x325/public/2025-04/DPRAUG remise diplôme novembre 2024d81a.jpg]
[www.eivp-paris.fr/sites/default/files/2021-01/P00_3_Accueil du groupe rue.jpg]
[www.eivp-paris.fr/sites/default/files/styles/max_325x325/public/2021-01/P00_3_Accueil du groupe rued59c.jpg]
[www.eivp-paris.fr/sites/default/files/2021-01/P01_Accueil groupe dans la cours_3.jpg]
[www.eivp-paris.fr/sites/default/files/styles/max_325x325/public/2021-01/P01_Accueil groupe dans la cours_31a8c.jpg]
[www.eivp-paris.fr/sites/default/files/2021-01/DPRAUG WS Bagneux 2020.09.18.jpg]
[www.eivp-paris.fr/sites/default/files/styles/max_325x325/public/2021-01/DPRAUG WS Bagneux 2020.09.184a54.jpg]
[www.eivp-paris.fr/sites/default/files/2021-01/DPRAUG WS Bagneux 2020.09.18 2.jpg]
[www.eivp-paris.fr/sites/default/files/styles/max_325x325/public/2021-01/DPRAUG WS Bagneux 2020.09.18 2019d.jpg]
[www.eivp-paris.fr/sites/default/files/2020-06/D-Praug1.jpg]
[www.eivp-paris.fr/sites/default/files/styles/max_325x325/public/2020-06/D-Praug16f99.jpg]
[www.eivp-paris.fr/sites/default/files/2020-06/D-Praug2.jpg]
[www.eivp-paris.fr/sites/default/files/styles/max_325x325/public/2020-06/D-Praug28327.jpg]
[www.eivp-paris.fr/sites/default/files/2020-06/D-Praug3.jpg]
[www.eivp-paris.fr/sites/default/files/styles/max_325x325/public/2020-06/D-Praug3d7a5.jpg]
[www.eivp-paris.fr/sites/default/files/2020-06/D-Praug_workshop.jpg]
[www.eivp-paris.fr/sites/default/files/styles/max_325x325/public/2020-06/D-Praug_workshop97df.jpg]
[www.eivp-paris.fr/sites/default/files/2025-11/plaquette_d-praug_2026_maj_novembre_2025_v8.pdf]
[www.eivp-paris.fr/sites/default/files/2026-01/d-praug_calendrier_2026.pdf]
[www.eivp-paris.fr/actualites/retour-sur-le-workshop-de-d-praug.html]
[www.eivp-paris.fr/formations/formation-continue/d-praug-programmation-architecturale-urbaine-et-genie-urbain.html]
[www.eivp-paris.fr/sites/default/files/js/js_qz7tOre0HT4N-bNgbm1QGRjVkGDNfB2gjNiXRRmzaus.js]
[www.eivp-paris.fr/formations/formation-continue/offre-de-formation-continue.html]
[www.eivp-paris.fr/sites/default/files/styles/max_325x325/public/2024-03/Illustration 1 infos et admissions EIVPb2c0.jpg]
[www.eivp-paris.fr/sites/default/files/styles/max_325x325/public/2018-03/archi1394.jpg]
[www.eivp-paris.fr/sites/default/files/2021-05/guide_de_la_vae_a_leivp.pdf]
[www.eivp-paris.fr/formations/formation-continue/vae.html]
[www.eivp-paris.fr/formations/formation-continue/admissions-des-internationaux-hors-ue.html]
[www.eivp-paris.fr/sites/default/files/styles/max_325x325/public/2022-01/Picto EIVP salarié310e.jpg]
[www.eivp-paris.fr/sites/default/files/styles/max_325x325/public/2022-01/Picto EIVP indépendant ou dirigeant4814.jpg]
[www.eivp-paris.fr/sites/default/files/styles/max_325x325/public/2022-01/Picto EIVP demandeur d'emploi5c6d.jpg]
[www.eivp-paris.fr/financer-sa-formation.html]
[www.eivp-paris.fr/actualites/leivp-9eme-au-classement-changenowles-echos-start.html]
[www.eivp-paris.fr/sites/default/files/styles/square_2x/public/2023-04/Raison 1ea2f.jpg]
[www.eivp-paris.fr/sites/default/files/styles/square_2x/public/2023-04/Raison 20645.jpg]
[www.eivp-paris.fr/sites/default/files/styles/square_2x/public/2023-04/Raison 31073.jpg]
[www.eivp-paris.fr/sites/default/files/styles/square_2x/public/2023-04/Raison 4fca1.jpg]
[www.eivp-paris.fr/sites/default/files/styles/square_2x/public/2023-04/Raison 5230c.jpg]
[www.eivp-paris.fr/sites/default/files/styles/square_2x/public/2023-04/Raison 6ce01.jpg]
[www.eivp-paris.fr/sites/default/files/styles/square_2x/public/2023-04/Raison 7de62.jpg]
[www.eivp-paris.fr/sites/default/files/styles/square_2x/public/2023-04/Raison 85737.jpg]
[www.eivp-paris.fr/sites/default/files/styles/square_2x/public/2023-04/Raison 97d57.jpg]
[www.eivp-paris.fr/formations/9-raisons-de-rejoindre-leivp.html]
[www.eivp-paris.fr/formations/foire-aux-questions.html]
[www.eivp-paris.fr/sites/default/files/styles/square_2x/public/2023-03/Study at EIVPaef2.jpg]
[www.eivp-paris.fr/sites/default/files/styles/square_2x/public/2023-03/Languages9e5f.jpg]
[www.eivp-paris.fr/sites/default/files/styles/square_2x/public/2023-03/Student lifed575.jpg]
[www.eivp-paris.fr/sites/default/files/styles/square_2x/public/2023-03/Partenariatsc8e3.jpg]
[www.eivp-paris.fr/sites/default/files/styles/square_2x/public/2023-03/Bourses6e0e.jpg]
[www.eivp-paris.fr/sites/default/files/styles/square_2x/public/2023-03/Urban planning and city branding6542.jpg]
[www.eivp-paris.fr/sites/default/files/styles/max_325x325/public/2026-04/visuels_instagram_eivp_0d416.png]
[www.eivp-paris.fr/sites/default/files/styles/max_325x325/public/2025-05/Logo Erasmus + horizontal EN26c5.jpg]
[www.eivp-paris.fr/sites/default/files/2024-09/EIVP_plaquette_EN_web.pdf]
[www.eivp-paris.fr/sites/default/files/2021-06/Charte_Erasmus_signed-EIVP.pdf]
[www.eivp-paris.fr/sites/default/files/2025-06/eivp_urban_planning_brochure.pdf]
[www.eivp-paris.fr/sites/default/files/2023-07/logo_bienvenue_en_france_0.jpg]
[www.eivp-paris.fr/international.html]
[www.eivp-paris.fr/sites/default/files/2025-05/logo_financement_erasmus_vertical_en.jpg]
[www.eivp-paris.fr/sites/default/files/styles/max_325x325/public/2025-01/Photo 1 Urban Planning Program286f.jpg]
[www.eivp-paris.fr/sites/default/files/2025-04/Urban Planning Program Syllabus - April 2025.pdf]
[www.eivp-paris.fr/sites/default/files/styles/max_325x325/public/2025-01/Photo 3 Urban Planning Programef6c.jpg]
[www.eivp-paris.fr/sites/default/files/styles/max_325x325/public/2025-01/Photo 2 Urban Planning Programe762.jpg]
[www.eivp-paris.fr/sites/default/files/2026-03/urban_planning_program_syllabus_-_march_2026_0.pdf]
[www.eivp-paris.fr/international/urban-planning-program.html]
[www.eivp-paris.fr/international/how-get-visa.html]
[www.eivp-paris.fr/sites/default/files/2023-10/ects-2023-2024_0.pdf]
[www.eivp-paris.fr/sites/default/files/2024-09/EIVP Urban Engineer Diploma Programme - 2024.pdf]
[www.eivp-paris.fr/sites/default/files/2025-01/Urban Planning Program Syllabus.pdf]
[www.eivp-paris.fr/sites/default/files/2025-03/Calendrier scolaire 2024-2025.pdf]
[www.eivp-paris.fr/international/study-at-eivp.html]
[www.eivp-paris.fr/sites/default/files/styles/max_325x325/public/2024-06/Visuel page accueil international EIVPd796.jpg]
[www.eivp-paris.fr/international/languages.html]
[www.eivp-paris.fr/sites/default/files/styles/max_325x325/public/2022-10/ISF053b.jpg]
[www.eivp-paris.fr/international/student-life.html]
[www.eivp-paris.fr/sites/default/files/styles/max_325x325/public/2025-08/Partenariats internationaux359a.jpg]
[www.eivp-paris.fr/sites/default/files/2025-08/partenariats_internationaux_eivp_-_september_2025.pdf]
[www.eivp-paris.fr/international/international-partnerships.html]
[www.eivp-paris.fr/entreprises.html]
[www.eivp-paris.fr/sites/default/files/styles/max_325x325/public/2022-03/IMG_9583_V2335d.jpg]
[www.eivp-paris.fr/sites/default/files/styles/max_325x325/public/2022-03/IMG_1036c399.jpg]
[www.eivp-paris.fr/entreprises/recruter-nos-eleves-apprentis-et-diplomes.html]
[www.eivp-paris.fr/evenements/forum-rencontres-entreprises.html]
[www.eivp-paris.fr/sites/default/files/styles/max_325x325/public/2018-03/8_rentreee_2015_1_07891.jpg]
[www.eivp-paris.fr/sites/default/files/2018-04/formulaire_de_don_2017.pdf]
[www.eivp-paris.fr/entreprises/soutenir-leivp.html]
[www.eivp-paris.fr/sites/default/files/2025-04/roue_domaines_ta_2025_0.jpg]
[www.eivp-paris.fr/sites/default/files/styles/max_325x325/public/2026-04/Visuel TA EIVP3740.png]
[www.eivp-paris.fr/entreprises/taxe-apprentissage.html]
[www.eivp-paris.fr/sites/default/files/styles/max_325x325/public/2018-04/semaine-entrepreneuriat-EIVP-2018_07d75.jpg]
[www.eivp-paris.fr/actualites/retour-sur-ledition-2024-de-la-semaine-innovation-et-entrepreneuriat-de-leivp.html]
[www.eivp-paris.fr/entreprises/entrepreneuriat.html]
[www.eivp-paris.fr/actualites/les-eleves-de-leivp-et-veolia-imaginent-des-villes-plus-equitables-frugales-et.html]
[www.eivp-paris.fr/recherchenos-thematiques-de-recherche/resilience-urbaine.html]
[www.eivp-paris.fr/recherchenos-thematiques-de-recherche/espaces-publics-et-amenagement-urbain.html]
[www.eivp-paris.fr/recherchenos-thematiques-de-recherche/systemes-urbains-numeriques.html]
[www.eivp-paris.fr/resin.html]
[www.eivp-paris.fr/rgc4.html]
[www.eivp-paris.fr/entreprises/partenariats-de-recherche.html]
[www.eivp-paris.fr/projets4ad8.html]
[www.eivp-paris.fr/observatoire-des-metiers-et-competences-ville-de-demain.html]
[www.eivp-paris.fr/recherche.html]
[www.eivp-paris.fr/evenements/soutenance-de-these-de-victor-bayard.html]
[www.eivp-paris.fr/recherche/lequipe.html]
[www.eivp-paris.fr/actualites/soutenance-de-these-danas-dabaj.html]
[www.eivp-paris.fr/build-back-beirut.html]
[www.eivp-paris.fr/sites/default/files/styles/square_2x/public/2022-08/Build back beirut5d79.png]
[www.eivp-paris.fr/air-descartes.html]
[www.eivp-paris.fr/sites/default/files/styles/square_2x/public/2022-05/Capture_584df.jpg]
[www.eivp-paris.fr/relev.html]
[www.eivp-paris.fr/sites/default/files/styles/square_2x/public/2019-02/RELEV8d25.jpg]
[www.eivp-paris.fr/reveil.html]
[www.eivp-paris.fr/sites/default/files/styles/square_2x/public/2022-05/Capture_04b18.jpg]
[www.eivp-paris.fr/pulse.html]
[www.eivp-paris.fr/sites/default/files/styles/square_2x/public/2019-05/paris-918992_1280ba0b.jpg]
[www.eivp-paris.fr/qualiscope.html]
[www.eivp-paris.fr/sites/default/files/styles/square_2x/public/2022-05/Capture_1e63b.jpg]
[www.eivp-paris.fr/e3s.html]
[www.eivp-paris.fr/sites/default/files/styles/square_2x/public/2022-05/Capture_4a55c.jpg]
[www.eivp-paris.fr/resccue.html]
[www.eivp-paris.fr/sites/default/files/styles/square_2x/public/2018-03/RESCCUEd949.jpg]
[www.eivp-paris.fr/polluscope.html]
[www.eivp-paris.fr/sites/default/files/styles/square_2x/public/2022-05/Capture_27949.jpg]
[www.eivp-paris.fr/acv.html]
[www.eivp-paris.fr/sites/default/files/styles/square_2x/public/2022-05/Capture_3861c.jpg]
[www.eivp-paris.fr/ascens.html]
[www.eivp-paris.fr/sites/default/files/styles/square_2x/public/2018-04/ascensf62a.png]
[www.eivp-paris.fr/biscote.html]
[www.eivp-paris.fr/sites/default/files/styles/square_2x/public/2018-03/BISCOTE_0c4dd.jpg]
[www.eivp-paris.fr/dtm-nu-rdt.html]
[www.eivp-paris.fr/sites/default/files/styles/square_2x/public/2018-03/DTM_NU_RDT6621.jpg]
[www.eivp-paris.fr/eco-quartier.html]
[www.eivp-paris.fr/sites/default/files/styles/square_2x/public/2018-04/ECOQUARTIERS TEXTE5b95.png]
[www.eivp-paris.fr/mesh.html]
[www.eivp-paris.fr/sites/default/files/styles/square_2x/public/2018-04/MESH7d92.jpg]
[www.eivp-paris.fr/sites/default/files/styles/square_2x/public/2018-03/RESINe2f6.jpg]
[www.eivp-paris.fr/retrace.html]
[www.eivp-paris.fr/sites/default/files/styles/square_2x/public/2018-03/RETRACE5439.jpg]
[www.eivp-paris.fr/sites/default/files/styles/square_2x/public/2018-03/RGC4ae80.jpg]
[www.eivp-paris.fr/interne.html]
[www.eivp-paris.fr/sites/default/files/styles/square_2x/public/2018-03/INTERNE6389.png]
[www.eivp-paris.fr/recherche/nos-projets-de-recherche.html]
[www.eivp-paris.fr/sites/default/files/styles/square_2x/public/2022-05/3_0a7a0.jpg]
[www.eivp-paris.fr/sites/default/files/styles/square_2x/public/2022-05/4_09c84.jpg]
[www.eivp-paris.fr/recherche/laboratoires-de-recherche.html]
[www.eivp-paris.fr/sites/default/files/styles/square_2x/public/2023-05/Chaire ECT site web40c0.jpg]
[www.eivp-paris.fr/sites/default/files/styles/square_2x/public/2023-05/Chaire Institut transition foncière site webc4d2.jpg]
[www.eivp-paris.fr/actualites/la-rivp-et-leivp-signent-une-convention.html]
[www.eivp-paris.fr/sites/default/files/styles/square_2x/public/2023-05/Chaire RIVP site web3be6.jpg]
[www.eivp-paris.fr/actualites/leivp-et-le-groupe-veolia-sengagent-dans-une-chaire-dediee-la-transformation-ecologique.html]
[www.eivp-paris.fr/sites/default/files/styles/square_2x/public/2023-06/Chaire Veolia site weba9f6.jpg]
[www.eivp-paris.fr/actualites/leivp-et-egis-signent-une-convention-de-partenariat.html]
[www.eivp-paris.fr/sites/default/files/styles/square_2x/public/2024-01/Illustration chaire Egis7bd2.jpg]
[www.eivp-paris.fr/sites/default/files/styles/square_2x/public/2025-01/Visuel chaire Indigo6c6b.jpg]
[www.eivp-paris.fr/sites/default/files/styles/square_2x/public/2025-01/Visuel chaire ISCI MENA2bb4.jpg]
[www.eivp-paris.fr/sites/default/files/styles/square_2x/public/2018-04/FACADE_WEBb5f7.jpg]
[www.eivp-paris.fr/sites/default/files/styles/square_2x/public/2023-06/Chaire économie circulaire0c4e.jpg]
[www.eivp-paris.fr/sites/default/files/styles/square_2x/public/2023-06/Chaire ESSd9aa.jpg]
[www.eivp-paris.fr/recherche/chaires-denseignement-et-de-recherche.html]
[www.eivp-paris.fr/sites/default/files/styles/max_325x325/public/2018-02/Blockchainb6d3.jpg]
[www.eivp-paris.fr/recherche/investissez-dans-une-chaire-dentreprise.html]
[www.eivp-paris.fr/recherche/nos-articles-scientifiques.html]
[www.eivp-paris.fr/actualites/parution-de-louvrage-rues-de-demain.html]
[www.eivp-paris.fr/evenementse5a9.html]
[www.eivp-paris.fr/sites/default/files/styles/max_325x325/public/2023-03/EIVP JGU 20239e22.jpg]
[www.eivp-paris.fr/sites/default/files/2023-03/programme_journees_du_genie_urbain_2023.pdf]
[www.eivp-paris.fr/sites/default/files/2023-02/ljdgu-affiche-web-min.pdf]
[www.eivp-paris.fr/evenements/journees-du-genie-urbain-2023.html]
[www.eivp-paris.fr/sites/default/files/styles/max_325x325/public/2023-01/Génie urbain-couvertureb7e4.png]
[www.eivp-paris.fr/evenements/urbanisme-et-sante-universite-du-genie-urbain.html]
[www.eivp-paris.fr/recherche/universites-dete-de-leivp-2007-2021.html]
[www.eivp-paris.fr/actualites/parution-de-louvrage-terres-urbaines-valeurs-positives-pour-la-ville-de-demain.html]
[www.eivp-paris.fr/sites/default/files/styles/square_2x/public/2022-12/Visuel couverture ouvrage ECT_07936.jpg]
[www.eivp-paris.fr/sites/default/files/styles/square_2x/public/2020-10/Screenshot_2020-10-22 EIVProgramSanT-09 pdfc04f.png]
[www.eivp-paris.fr/actualites/sortie-de-louvrage-la-terre-dans-tous-ses-etats.html]
[www.eivp-paris.fr/sites/default/files/styles/square_2x/public/2020-10/Screenshot_2020-10-09 PP_TerreDansTousEtats indd - MEP2_TerreDansTousEtats pdf5d1e.png]
[www.eivp-paris.fr/sites/default/files/styles/square_2x/public/2021-09/Screenshot 2021-09-20 at 15-07-24 Rues de demaincd46.png]
[www.eivp-paris.fr/economie-circulaire-territoires-et-genie-urbain-2018.html]
[www.eivp-paris.fr/sites/default/files/styles/square_2x/public/2018-04/UE2018-EIVP-email7e5c.jpg]
[www.eivp-paris.fr/le-nouveau-monde-de-la-mobilite-ue-2017.html]
[www.eivp-paris.fr/sites/default/files/styles/square_2x/public/2018-10/Nouveau monde de la mobilitécc0b.jpg]
[www.eivp-paris.fr/sites/default/files/styles/square_2x/public/2018-04/2016_GENIE URBAIN REVISITE0dfd.jpg]
[www.eivp-paris.fr/resilience-vulnerabilite-des-territoires-et-genie-urbain-ue-2015.html]
[www.eivp-paris.fr/sites/default/files/styles/square_2x/public/2018-04/2015_RESILIENCE VULNERABILITE DES TERRITOIRESd659.png]
[www.eivp-paris.fr/questions-metropolitaines-et-genie-urbain-ue-2014.html]
[www.eivp-paris.fr/sites/default/files/styles/square_2x/public/2018-04/2014_QUESTIONS METROPOLITAINES ET GENIE URBAIN_06a88.jpg]
[www.eivp-paris.fr/economie-immobiliere-et-genie-urbain-ue-2013.html]
[www.eivp-paris.fr/sites/default/files/styles/square_2x/public/2018-04/2013_ECONOMIE IMMOBILIERE ET GENIE URBAIN398d.jpg]
[www.eivp-paris.fr/numerique-et-genie-urbain-ue-2012.html]
[www.eivp-paris.fr/sites/default/files/styles/square_2x/public/2018-04/2012_NUMERIQUE ET GENIE URBAIN0fef.jpg]
[www.eivp-paris.fr/genie-urbain-et-mobilite-ue-2011.html]
[www.eivp-paris.fr/sites/default/files/styles/square_2x/public/2018-04/2011_GENIE URBAIN ET MOBILITEca01.jpg]
[www.eivp-paris.fr/genie-urbain-et-biens-naturels-ue-2010.html]
[www.eivp-paris.fr/sites/default/files/styles/square_2x/public/2018-04/2010_GENIE URBAIN ET BIENS NATURELSb8df.jpg]
[www.eivp-paris.fr/genie-urbain-et-ville-durable-ue-2009.html]
[www.eivp-paris.fr/sites/default/files/styles/square_2x/public/2018-04/2009_GENIE URBAIN ET VILLE DURABLEeb77.jpg]
[www.eivp-paris.fr/la-ville-durable-urgences-et-utopies-ue-2008.html]
[www.eivp-paris.fr/sites/default/files/styles/square_2x/public/2018-04/2013_ville_durable_urgences_et_utopies5204.jpg]
[www.eivp-paris.fr/sous-la-ville-durable-le-genie-urbain.html]
[www.eivp-paris.fr/sites/default/files/styles/square_2x/public/2018-04/SOUS LA VILLE DURABLE175f.jpg]
[www.eivp-paris.fr/recherche/nos-ouvrages-publies.html]
[www.eivp-paris.fr/sites/default/files/styles/square_2x/public/2024-03/EIVP-CD_0ad84.jpg]
[www.eivp-paris.fr/sites/default/files/styles/square_2x/public/2021-10/EIVP-publis54d5.jpg]
[www.eivp-paris.fr/ressources.html]
[www.eivp-paris.fr/sites/default/files/styles/square_2x/public/2021-10/EIVP-location76ff.jpg]
[www.eivp-paris.fr/sites/default/files/2018-04/Amphi1 - 1 WEB.jpg]
[www.eivp-paris.fr/sites/default/files/styles/max_325x325/public/2018-04/Amphi1 - 1 WEBcf26.jpg]
[www.eivp-paris.fr/sites/default/files/2018-04/Amphi2 - 2 WEB.jpg]
[www.eivp-paris.fr/sites/default/files/styles/max_325x325/public/2018-04/Amphi2 - 2 WEBe4bc.jpg]
[www.eivp-paris.fr/sites/default/files/2018-04/Amphi3 - 2 WEB.jpg]
[www.eivp-paris.fr/sites/default/files/styles/max_325x325/public/2018-04/Amphi3 - 2 WEBfba6.jpg]
[www.eivp-paris.fr/sites/default/files/2018-04/Salle 80 WEB.jpg]
[www.eivp-paris.fr/sites/default/files/styles/max_325x325/public/2018-04/Salle 80 WEB3df5.jpg]
[www.eivp-paris.fr/sites/default/files/2018-04/Foyer - 3 WEB.jpg]
[www.eivp-paris.fr/sites/default/files/styles/max_325x325/public/2018-04/Foyer - 3 WEB229e.jpg]
[www.eivp-paris.fr/sites/default/files/2018-04/Cuisine - 1 WEB.jpg]
[www.eivp-paris.fr/sites/default/files/styles/max_325x325/public/2018-04/Cuisine - 1 WEBf3d1.jpg]
[www.eivp-paris.fr/sites/default/files/2026-03/tarif_location_de_salle_eivp_0.pdf]
[www.eivp-paris.fr/sites/default/files/2026-03/presentation_salles_eivp_paris_19.pdf]
[www.eivp-paris.fr/ressources/location-de-salles.html]
[www.eivp-paris.fr/evenements/feed]
[www.eivp-paris.fr/evenements.html]
[www.eivp-paris.fr/sites/default/files/2022-09/Se connecter à lespace étudiant sur Hyperplanning_2022.pdf]
[www.eivp-paris.fr/sites/default/files/2025-09/Règlement de la scolarité toutes formations 2025-2026.pdf]
[www.eivp-paris.fr/sites/default/files/2024-07/reglement_interieur_du_campus_rebeval_20240701.pdf]
[www.eivp-paris.fr/sites/default/files/2021-12/plaquette_a5_egalite_mlv_eivp.pdf]
[www.eivp-paris.fr/core/modules/media/images/icons/no-thumbnail.png]
[www.eivp-paris.fr/sites/default/files/2018-06/charte_informatique_2014.pdf]
[www.eivp-paris.fr/sites/default/files/2025-10/politique_il_etudiants_uge_250519vf-1.pdf]
[www.eivp-paris.fr/sites/default/files/2018-06/charte_anti-plagiat_2012.pdf]
[www.eivp-paris.fr/sites/default/files/2018-06/protection-donnees.pdf]
[www.eivp-paris.fr/sites/default/files/2021-03/charte_reseaux_sociaux-EIVP.pdf]
[www.eivp-paris.fr/ressources/outils-internes.html]
[www.eivp-paris.fr/actualites/leivp-3eme-ecole-dingenieurs-la-plus-engagee-dans-la-transition-ecologique-et-sociale.html]
[www.eivp-paris.fr/sites/default/files/styles/max_325x325/public/2024-11/Carré EIVP 4e ChangeNOW Les Échos START écologie_02481.jpg]
[www.eivp-paris.fr/sites/default/files/styles/max_325x325/public/2024-11/Photo 2 élèves EIVP V2_0ee98.jpg]
[www.eivp-paris.fr/sites/default/files/styles/max_325x325/public/2024-11/Photo 2 Forum 2024 post 2_07732.jpg]
[www.eivp-paris.fr/sites/default/files/2024-11/article_classement_2024_changenow_les_echos_start.pdf]
[www.eivp-paris.fr/actualites/leivp-4-au-classement-2024-des-ecoles-les-plus-engagees-dans-la-transition-ecologique.html]
[www.eivp-paris.fr/sites/default/files/styles/square_2x/public/2018-03/hdvf93b.jpg]
[www.eivp-paris.fr/sites/default/files/styles/square_2x/public/2018-03/8_rentreee_2015_1_0d213.jpg]
[www.eivp-paris.fr/sites/default/files/styles/square_2x/public/2018-03/11 DSCF27100138.jpg]
[www.eivp-paris.fr/sites/default/files/2022-02/eivp_plaquette_web_fr.pdf]
[www.eivp-paris.fr/cycle-ingenieur-en-genie-urbain.html]
[www.eivp-paris.fr/larchitecture-leivp.html]
[www.eivp-paris.fr/sites/default/files/styles/max_325x325/public/2026-06/Mélody Tonolli1610.jpg]
[www.eivp-paris.fr/sites/default/files/2026-06/cp_eivp_-_presidence.pdf]
[www.eivp-paris.fr/actualites/communique-de-presse-melody-tonolli-elue-presidente-de-leivp-une-nouvelle-impulsion-pour.html]
[www.eivp-paris.fr/sites/default/files/styles/max_325x325/public/2026-03/Lauréats SI 2026 - LinkedIn Photo 15de4.jpg]
[www.eivp-paris.fr/sites/default/files/styles/max_325x325/public/2026-03/Lauréats SI 2026 - LinkedIn Photo 2947f.jpg]
[www.eivp-paris.fr/sites/default/files/styles/max_325x325/public/2026-03/Lauréats SI 2026 - LinkedIn Photo 38d39.jpg]
[www.eivp-paris.fr/sites/default/files/styles/max_325x325/public/2026-03/Lauréats SI 2026 - LinkedIn Photo 45121.jpg]
[www.eivp-paris.fr/sites/default/files/styles/max_325x325/public/2026-03/Lauréats SI 2026 - LinkedIn Photo 5e20e.jpg]
[www.eivp-paris.fr/actualites/retour-sur-ledition-2026-de-la-semaine-innovation-entrepreneuriat-de-leivp-en.html]
[www.eivp-paris.fr/sites/default/files/styles/max_325x325/public/2026-03/SI Post 5 - Photo 1acf4.jpg]
[www.eivp-paris.fr/sites/default/files/styles/max_325x325/public/2026-03/SEMAINE INNO 1_0cc25.png]
[www.eivp-paris.fr/sites/default/files/styles/max_325x325/public/2026-03/SEMAINE INNO 2_07b0f.png]
[www.eivp-paris.fr/actualites/communique-de-presse-leivp-et-veolia-organisent-la-10eme-semaine-entrepreneuriat.html]
[www.eivp-paris.fr/sites/default/files/2026-03/communique_de_presse_eivpxveolia_2026.pdf]
[www.eivp-paris.fr/sites/default/files/styles/max_325x325/public/2025-12/Couverture RA_073dd.png]
[www.eivp-paris.fr/actualites/rapport-dactivite-2022-2024.html]
[www.eivp-paris.fr/sites/default/files/css/css_yM61sd0-VEtMXVRN_3_SyBQKT-TgWnRdUuJi9krj4tE.css]
[www.eivp-paris.fr/campus-eivp.html]
[www.eivp-paris.fr/sites/default/files/2021-05/bde-EIVP-2021-2022.jpg]
[www.eivp-paris.fr/sites/default/files/styles/max_325x325/public/2021-05/bde-EIVP-2021-2022315d.jpg]
[www.eivp-paris.fr/sites/default/files/2021-08/Screenshot 2021-08-23 at 11-39-19 BDA EIVP ( bda eivp) • Photos et vidéos Instagram.png]
[www.eivp-paris.fr/sites/default/files/styles/max_325x325/public/2021-08/Screenshot 2021-08-23 at 11-39-19 BDA EIVP ( bda eivp) • Photos et vidéos Instagramfa5a.png]
[www.eivp-paris.fr/sites/default/files/2021-08/BDS.jpg]
[www.eivp-paris.fr/sites/default/files/styles/max_325x325/public/2021-08/BDS3f33.jpg]
[www.eivp-paris.fr/sites/default/files/2021-08/capivp.jpg]
[www.eivp-paris.fr/sites/default/files/styles/max_325x325/public/2021-08/capivpf108.jpg]
[www.eivp-paris.fr/sites/default/files/2021-08/b3d.jpg]
[www.eivp-paris.fr/sites/default/files/styles/max_325x325/public/2021-08/b3d73f2.jpg]
[www.eivp-paris.fr/sites/default/files/2021-08/ISF.jpg]
[www.eivp-paris.fr/sites/default/files/styles/max_325x325/public/2021-08/ISFdd25.jpg]
[www.eivp-paris.fr/sites/default/files/2021-08/IVPSHOT.jpg]
[www.eivp-paris.fr/sites/default/files/styles/max_325x325/public/2021-08/IVPSHOT6259.jpg]
[www.eivp-paris.fr/sites/default/files/2021-08/CAPENSUP-cordées-EIVP.jpg]
[www.eivp-paris.fr/sites/default/files/styles/max_325x325/public/2021-08/CAPENSUP-cordées-EIVP246f.jpg]
[www.eivp-paris.fr/sites/default/files/2021-08/Forum.jpg]
[www.eivp-paris.fr/sites/default/files/styles/max_325x325/public/2021-08/Forumb9bf.jpg]
[www.eivp-paris.fr/sites/default/files/2021-08/GALA.jpg]
[www.eivp-paris.fr/sites/default/files/styles/max_325x325/public/2021-08/GALAc235.jpg]
[www.eivp-paris.fr/sites/default/files/2021-08/gaming.jpg]
[www.eivp-paris.fr/sites/default/files/styles/max_325x325/public/2021-08/gaming9c10.jpg]
[www.eivp-paris.fr/sites/default/files/2021-08/labellewave.jpg]
[www.eivp-paris.fr/sites/default/files/styles/max_325x325/public/2021-08/labellewavebdf2.jpg]
[www.eivp-paris.fr/sites/default/files/2021-08/IVP Motors.jpg]
[www.eivp-paris.fr/sites/default/files/styles/max_325x325/public/2021-08/IVP Motors0901.jpg]
[www.eivp-paris.fr/sites/default/files/2021-08/SUP.jpg]
[www.eivp-paris.fr/sites/default/files/styles/max_325x325/public/2021-08/SUPdf86.jpg]
[www.eivp-paris.fr/sites/default/files/2021-08/ClubCom.jpg]
[www.eivp-paris.fr/sites/default/files/styles/max_325x325/public/2021-08/ClubComfdf3.jpg]
[www.eivp-paris.fr/sites/default/files/2021-08/ClubOenoTerroir.jpg]
[www.eivp-paris.fr/sites/default/files/styles/max_325x325/public/2021-08/ClubOenoTerroir6026.jpg]
[www.eivp-paris.fr/sites/default/files/2021-08/ETED.jpg]
[www.eivp-paris.fr/sites/default/files/styles/max_325x325/public/2021-08/ETED1cfd.jpg]
[www.eivp-paris.fr/sites/default/files/styles/max_325x325/public/2022-09/logo_bde_eivpb847.jpg]
[www.eivp-paris.fr/sites/default/files/2023-06/Plaquette alpha EIVP 2023 2024.pdf]
[www.eivp-paris.fr/campus-eivp/vie-etudiante-et-associative.html]
[www.eivp-paris.fr/formationsingenieure-en-genie-urbain/mission-detudes-urbaines-sup.html]
[www.eivp-paris.fr/sites/default/files/styles/max_325x325/public/2021-12/Formations EPS AAaf68.jpg]
[www.eivp-paris.fr/assistant-e-en-architecture-eps-aa.html]
[www.eivp-paris.fr/themes/custom/boots/assets/images/eivp-logo-white-full.svg]
[www.google.com/recaptcha/api7d7c.js]
[www.eivp-paris.fr/sites/default/files/css/css_zryEWDqe5Rh_ieOT2gM1bmRW4CqI8VAe5RXVrO0CU0I.css]
[www.eivp-paris.fr/contact.html]
[www.eivp-paris.fr/sites/default/files/js/js_KfRqCWCMxAquQ0KI2GmP7g88EVQG2Q0kMkUB_WQnNpk.js]
[www.eivp-paris.fr/sites/default/files/css/css_QTmAC9P_ezs1RCeiBr8et58JQPrkxQJSnfWWGJyInKs.css]
[www.eivp-paris.fr/user/login.html]
[www.eivp-paris.fr/themes/custom/boots/assets/images/info-popup.svg]
[www.eivp-paris.fr/themes/custom/boots/assets/images/close-popup.svg]
[www.eivp-paris.fr/user/password.html]
[www.eivp-paris.fr/mentions-legales.html]
[www.eivp-paris.fr/sites/default/files/css/css_LdLSrSGCBTYttbxopEWygEJsRQDgDwktR74R33hOAT8.css]
[www.eivp-paris.fr/recherchenos-thematiques-de-recherche/energie-climat-en-ville.html]
[www.eivp-paris.fr/formationscycle-ingenieur-en-genie-urbaindepartements-denseignement-et-de-recherche/departement.html]
[www.eivp-paris.fr/formationscycle-ingenieur-en-genie-urbaindepartements-denseignement-et-de-recherche/departement-0.html]
[www.eivp-paris.fr/formationscycle-ingenieur-en-genie-urbaindepartements-denseignement-et-de-recherche/departement-1.html]
[www.eivp-paris.fr/formationscycle-ingenieur-en-genie-urbaindepartements-denseignement-et-de-recherche/departement-2.html]
[www.eivp-paris.fr/sitemap.html]
[www.eivp-paris.fr/core/misc/icons/e32700/error.svg]
[www.eivp-paris.fr/core/misc/icons/e29700/warning.svg]
[www.eivp-paris.fr/core/misc/icons/73b355/check.svg]
[www.eivp-paris.fr/core/misc/icons/787878/move.svg]
[www.eivp-paris.fr/core/misc/icons/000000/move.svg]
[www.eivp-paris.fr/core/misc/icons/787878/twistie-down.svg]
[www.eivp-paris.fr/core/misc/icons/787878/twistie-up.svg]
[www.eivp-paris.fr/themes/custom/boots/assets/css/src/datedropper.svg]
[www.eivp-paris.fr/themes/custom/boots/assets/css/default-skin/default-skin.svg]
[www.eivp-paris.fr/themes/custom/boots/assets/css/bootstrap/glyphicons-halflings-regular.html]
[www.eivp-paris.fr/themes/custom/boots/assets/css/bootstrap/glyphicons-halflings-regulard41d.html]
[www.eivp-paris.fr/themes/custom/boots/assets/css/bootstrap/glyphicons-halflings-regular-2.html]
[www.eivp-paris.fr/themes/custom/boots/assets/css/bootstrap/glyphicons-halflings-regular-3.html]
[www.eivp-paris.fr/themes/custom/boots/assets/css/bootstrap/glyphicons-halflings-regular-4.html]
[www.eivp-paris.fr/themes/custom/boots/assets/css/bootstrap/glyphicons-halflings-regular-5.html]
[www.eivp-paris.fr/themes/custom/boots/assets/fonts/fontawesome-webfont3e6e.html]
[www.eivp-paris.fr/themes/custom/boots/assets/fonts/fontawesome-webfont3e6e.svg]
[www.eivp-paris.fr/themes/custom/boots/assets/css/throbber.html]
[www.eivp-paris.fr/themes/custom/boots/assets/images/icon/scoop-it.svg]
[www.eivp-paris.fr/themes/custom/boots/assets/images/icon/scoop-it-blue.svg]
[www.eivp-paris.fr/themes/custom/boots/assets/images/flag-uk.svg]
[www.eivp-paris.fr/themes/custom/boots/assets/images/eivp-logo-white.svg]
[www.eivp-paris.fr/formationscycle-ingenieur-en-genie-urbaindepartements-denseignement-et-de-recherche/departement-3.html]
[www.eivp-paris.fr/sites/default/files/css/css_Q4PLV7SbFgPelmPCihrVkA8ypdcUuxsYl1t4QMk4_z4.css]
[www.eivp-paris.fr/campus-eivp/venir-au-campus.html]
[www.eivp-paris.fr/sites/default/files/styles/max_325x325/public/2018-04/paris-19eme_06b69.png]
[www.eivp-paris.fr/sites/default/files/styles/max_325x325/public/2018-04/_FKP7326981f.jpg]
[www.eivp-paris.fr/sites/default/files/2020-12/99_de-d2020045.pdf]
[www.eivp-paris.fr/campus-eivp/vie-pratique.html]
[www.eivp-paris.fr/node/21.html]
[www.eivp-paris.fr/sites/default/files/styles/max_325x325/public/2024-03/Persona candidat.e_08445.jpg]
[www.eivp-paris.fr/future-eleve.html]
[www.eivp-paris.fr/sites/default/files/styles/max_325x325/public/2024-03/Persona élève649d.jpg]
[www.eivp-paris.fr/eleve.html]
[www.eivp-paris.fr/sites/default/files/styles/max_325x325/public/2024-03/Persona enseignant.e5bf7.jpg]
[www.eivp-paris.fr/enseignante-chercheurse.html]
[www.eivp-paris.fr/alumni.html]
[www.eivp-paris.fr/sites/default/files/styles/max_325x325/public/2024-03/Persona alumnia38e.jpg]
[www.eivp-paris.fr/sites/default/files/styles/max_325x325/public/2024-03/Persona entreprised92a.jpg]
[www.eivp-paris.fr/entreprise.html]
[www.eivp-paris.fr/sites/default/files/styles/max_325x325/public/2024-03/Persona pressef3c5.jpg]
[www.eivp-paris.fr/sites/default/files/2024-06/Charte Graphique 2016.pdf]
[www.eivp-paris.fr/presse-communication.html]
[www.eivp-paris.fr/actualites/leivp-5eme-au-classement-2023-changenow-les-echos-start-deloitte.html]
[www.eivp-paris.fr/sites/default/files/styles/max_325x325/public/2018-04/2016_GENIE URBAIN REVISITEcf21.jpg]
[www.eivp-paris.fr/le-genie-urbain-revisite-ue-2016.html]
[www.eivp-paris.fr/sites/default/files/styles/max_325x325/public/2024-11/WUF EIVP 2024 article_01771.jpg]
[www.eivp-paris.fr/sites/default/files/styles/max_325x325/public/2024-11/WUF EIVP 2024 article photo 2639c.jpg]
[www.eivp-paris.fr/sites/default/files/2025-02/communique_de_presse_universite_gustave_eiffel_05.11.2024.pdf]
[www.eivp-paris.fr/sites/default/files/2024-11/Communiqué de presse Université Gustave Eiffel 04.11.2024.pdf]
[www.eivp-paris.fr/actualites/leivp-est-heureuse-dannoncer-la-signature-de-la-chaire-isci-mena-avec-onu-habitat.html]
[www.eivp-paris.fr/sites/default/files/styles/max_325x325/public/2025-01/Photo 1 signature Chaire EIVP Indigo2563.jpg]
[www.eivp-paris.fr/sites/default/files/styles/max_325x325/public/2025-01/Photo 2 signature Chaire EIVP Indigo7e15.jpg]
[www.eivp-paris.fr/actualites/indigo-et-l-eivp-lancent-la-chaire-infrastructures-urbaines-circulaires.html]
[www.eivp-paris.fr/sites/default/files/styles/max_325x325/public/2021-01/Chaire-ECT-EIVPad9d.jpg]
[www.eivp-paris.fr/sites/default/files/styles/max_325x325/public/2022-12/Visuel couverture ouvrage ECT_0c439.jpg]
[www.eivp-paris.fr/sites/default/files/2022-12/cp_ect_eivp_2022.pdf]
[www.eivp-paris.fr/evenements/les-terres-urbaines-valeurs-positives-pour-la-ville-de-demain.html]
[www.eivp-paris.fr/actualites/une-chaire-de-leivp-lhonneur.html]
[www.eivp-paris.fr/sites/default/files/2018-11/cpnouvellechaireeivipetect.pdf]
[www.eivp-paris.fr/recherche/chaire-valorisation-des-terres-issues-des-chantiers-urbains.html]
[www.eivp-paris.fr/sites/default/files/css/css_snkJlvZM5xTV0P290XVNGkA9Pa8vkRO2wP32ItubecI.css]
[www.eivp-paris.fr/sites/default/files/styles/max_325x325/public/2018-11/Chaire-EVESA-EIVP-Eclairage3f37.jpg]
[www.eivp-paris.fr/sites/default/files/2021-07/evesa 1 juin 2021_0.jpg]
[www.eivp-paris.fr/evenements/couleurs-obscurite-un-pas-de-cote-dans-la-conception-lumiere.html]
[www.eivp-paris.fr/sites/default/files/styles/max_325x325/public/2021-07/evesa 1 juin 2021_094db.jpg]
[www.eivp-paris.fr/sites/default/files/2021-07/evesa 2 juin 2021.jpg]
[www.eivp-paris.fr/sites/default/files/styles/max_325x325/public/2021-07/evesa 2 juin 2021c10b.jpg]
[www.eivp-paris.fr/sites/default/files/2021-07/Evasa 4.jpg]
[www.eivp-paris.fr/sites/default/files/styles/max_325x325/public/2021-07/Evasa 440f6.jpg]
[www.eivp-paris.fr/sites/default/files/2021-05/inconfort_visuel_2_0.pdf]
[www.eivp-paris.fr/sites/default/files/2021-05/presentation_chaire_evesa_eivp_-_corolles_1.pdf]
[www.eivp-paris.fr/sites/default/files/2018-11/cpchaire_evesa_-eivp_.pdf]
[www.eivp-paris.fr/recherche/chaire-eclairage-urbain-du-futur.html]
[www.eivp-paris.fr/formations/licence-pro-acpae.html]
[www.eivp-paris.fr/sites/default/files/css/css_oCH9V26TYhbmz-_hoVqgRwN4seGrIWFEf_38U1euBQE.css]
[www.eivp-paris.fr/sites/default/files/2026-06/99_de-d2026008.pdf]
[www.eivp-paris.fr/sites/default/files/2026-06/99_de-d2026009.pdf]
[www.eivp-paris.fr/sites/default/files/2026-06/99_de-d2026010.pdf]
[www.eivp-paris.fr/sites/default/files/2026-06/99_de-d2026011.pdf]
[www.eivp-paris.fr/deliberations-du-1er-juin-2026.html]
[www.eivp-paris.fr/sites/default/files/2026-03/99_de-d2026001.pdf]
[www.eivp-paris.fr/sites/default/files/2026-03/99_de-d2026002.pdf]
[www.eivp-paris.fr/sites/default/files/2026-03/99_de-d2026003.pdf]
[www.eivp-paris.fr/sites/default/files/2026-03/99_de-d2026004.pdf]
[www.eivp-paris.fr/sites/default/files/2026-03/99_de-d2026006.pdf]
[www.eivp-paris.fr/sites/default/files/2026-03/99_de-d2026005.pdf]
[www.eivp-paris.fr/sites/default/files/2026-03/99_de-d2026007.pdf]
[www.eivp-paris.fr/deliberations-du-9-mars-2026.html]
[www.eivp-paris.fr/sites/default/files/2026-06/001_cr_ca_20260309.docx]
[www.eivp-paris.fr/sites/default/files/2025-12/99_de-d2025045_0.pdf]
[www.eivp-paris.fr/sites/default/files/2025-12/99_de-d2025046_0.pdf]
[www.eivp-paris.fr/sites/default/files/2025-12/99_de-d2025047_0.pdf]
[www.eivp-paris.fr/sites/default/files/2025-12/99_de-d2025048_0.pdf]
[www.eivp-paris.fr/sites/default/files/2025-12/99_de-d2025049_1.pdf]
[www.eivp-paris.fr/sites/default/files/2025-12/99_de-d2025050_1.pdf]
[www.eivp-paris.fr/sites/default/files/2025-12/99_de-d2025051_anonyme.pdf]
[www.eivp-paris.fr/sites/default/files/2025-12/99_de-d2025052_0.pdf]
[www.eivp-paris.fr/sites/default/files/2026-03/001_cr_ca_20251215.docx]
[www.eivp-paris.fr/conseil-dadministration-du-15-decembre-2025.html]
[www.eivp-paris.fr/sites/default/files/2025-12/99_de-d2025041.pdf]
[www.eivp-paris.fr/sites/default/files/2025-12/99_de-d2025042.pdf]
[www.eivp-paris.fr/sites/default/files/2025-12/99_de-d2025043.pdf]
[www.eivp-paris.fr/sites/default/files/2025-12/99_de-d2025044.pdf]
[www.eivp-paris.fr/sites/default/files/2025-12/001_cr_ca_20251201_0.pdf]
[www.eivp-paris.fr/conseil-dadministration-du-1er-decembre-2025.html]
[www.eivp-paris.fr/sites/default/files/2025-10/99_de-d2025031.pdf]
[www.eivp-paris.fr/sites/default/files/2025-10/99_de-d2025032.pdf]
[www.eivp-paris.fr/sites/default/files/2025-10/99_de-d2025033.pdf]
[www.eivp-paris.fr/sites/default/files/2025-10/99_de-d2025034.pdf]
[www.eivp-paris.fr/sites/default/files/2025-10/99_de-d2025035.pdf]
[www.eivp-paris.fr/sites/default/files/2025-10/99_de-d2025036.pdf]
[www.eivp-paris.fr/sites/default/files/2025-10/99_de-d2025037.pdf]
[www.eivp-paris.fr/sites/default/files/2025-10/99_de-d2025038.pdf]
[www.eivp-paris.fr/sites/default/files/2025-10/99_de-d2025039.pdf]
[www.eivp-paris.fr/sites/default/files/2025-10/99_de-d2025040.pdf]
[www.eivp-paris.fr/sites/default/files/2025-12/001_cr_ca_20251013_0.pdf]
[www.eivp-paris.fr/conseil-dadministration-du-13-octobre-2025.html]
[www.eivp-paris.fr/sites/default/files/2025-07/99_de-d2025018.pdf]
[www.eivp-paris.fr/sites/default/files/2025-07/99_de-d2025019.pdf]
[www.eivp-paris.fr/sites/default/files/2025-07/99_de-d2025020.pdf]
[www.eivp-paris.fr/sites/default/files/2025-07/99_de-d2025021.pdf]
[www.eivp-paris.fr/sites/default/files/2025-07/99_de-d2025022.pdf]
[www.eivp-paris.fr/sites/default/files/2025-07/99_de-d2025023.pdf]
[www.eivp-paris.fr/sites/default/files/2025-07/99_de-d2025024.pdf]
[www.eivp-paris.fr/sites/default/files/2025-07/99_de-d2025025.pdf]
[www.eivp-paris.fr/sites/default/files/2025-07/99_de-d2025026.pdf]
[www.eivp-paris.fr/sites/default/files/2025-07/99_de-d2025027b.pdf]
[www.eivp-paris.fr/sites/default/files/2025-07/99_de-d2025028.pdf]
[www.eivp-paris.fr/sites/default/files/2025-07/99_de-d2025029.pdf]
[www.eivp-paris.fr/sites/default/files/2025-07/99_de-d2025030.pdf]
[www.eivp-paris.fr/sites/default/files/2025-10/001_cr_ca_20250620.pdf]
[www.eivp-paris.fr/conseil-dadministration-du-20-juin-2025.html]
[www.eivp-paris.fr/sites/default/files/2025-04/99_de-d2025001.pdf]
[www.eivp-paris.fr/sites/default/files/2025-04/99_de-d2025002.pdf]
[www.eivp-paris.fr/sites/default/files/2025-04/99_de-d2025003.pdf]
[www.eivp-paris.fr/sites/default/files/2025-04/99_de-d2025004.pdf]
[www.eivp-paris.fr/sites/default/files/2025-04/99_de-d2025005.pdf]
[www.eivp-paris.fr/sites/default/files/2025-04/99_de-d2025006.pdf]
[www.eivp-paris.fr/sites/default/files/2025-04/99_de-d2025007.pdf]
[www.eivp-paris.fr/sites/default/files/2025-04/99_de-d2025008.pdf]
[www.eivp-paris.fr/sites/default/files/2025-04/99_de-d2025009.pdf]
[www.eivp-paris.fr/sites/default/files/2025-04/99_de-d2025010.pdf]
[www.eivp-paris.fr/sites/default/files/2025-04/99_de-d2025011.pdf]
[www.eivp-paris.fr/sites/default/files/2025-04/99_de-d2025012.pdf]
[www.eivp-paris.fr/sites/default/files/2025-04/99_de-d2025013.pdf]
[www.eivp-paris.fr/sites/default/files/2025-04/99_de-d2025014.pdf]
[www.eivp-paris.fr/sites/default/files/2025-04/99_de-d2025015.pdf]
[www.eivp-paris.fr/sites/default/files/2025-04/99_de-d2025016.pdf]
[www.eivp-paris.fr/sites/default/files/2025-04/99_de-d2025017.pdf]
[www.eivp-paris.fr/sites/default/files/2025-06/001_cr_ca_20250320_0.pdf]
[www.eivp-paris.fr/conseil-dadministration-du-20-mars-2025.html]
[www.eivp-paris.fr/sites/default/files/2024-12/99_de-d2024031.pdf]
[www.eivp-paris.fr/sites/default/files/2024-12/99_de-d2024033.pdf]
[www.eivp-paris.fr/sites/default/files/2024-12/99_de-d2024035.pdf]
[www.eivp-paris.fr/sites/default/files/2024-12/99_de-d2024034.pdf]
[www.eivp-paris.fr/sites/default/files/2024-12/99_de-d2024036.pdf]
[www.eivp-paris.fr/sites/default/files/2024-12/99_de-d2024037.pdf]
[www.eivp-paris.fr/sites/default/files/2024-12/99_de-d2024038.pdf]
[www.eivp-paris.fr/sites/default/files/2024-12/99_de-d2024032.pdf]
[www.eivp-paris.fr/conseil-dadministration-du-3-decembre-2024.html]
[www.eivp-paris.fr/sites/default/files/2024-10/99_de-d2024023.pdf]
[www.eivp-paris.fr/sites/default/files/2024-10/99_de-d2024024.pdf]
[www.eivp-paris.fr/sites/default/files/2024-10/99_de-d2024025.pdf]
[www.eivp-paris.fr/sites/default/files/2024-10/99_de-d2024026.pdf]
[www.eivp-paris.fr/sites/default/files/2024-10/99_de-d2024027.pdf]
[www.eivp-paris.fr/sites/default/files/2024-10/99_de-d2024028.pdf]
[www.eivp-paris.fr/sites/default/files/2024-10/99_de-d2024029.pdf]
[www.eivp-paris.fr/sites/default/files/2024-10/99_de-d2024030_0.pdf]
[www.eivp-paris.fr/sites/default/files/2024-12/001_cr_ca_20241014_1.pdf]
[www.eivp-paris.fr/conseil-dadministration-du-14-octobre-2024.html]
[www.eivp-paris.fr/sites/default/files/2024-07/99_DE-D2024012.pdf]
[www.eivp-paris.fr/sites/default/files/2024-07/99_DE-D2024013.pdf]
[www.eivp-paris.fr/sites/default/files/2024-07/99_de-d2024014.pdf]
[www.eivp-paris.fr/sites/default/files/2024-07/99_de-d2024015.pdf]
[www.eivp-paris.fr/sites/default/files/2024-07/99_DE-D2024016.pdf]
[www.eivp-paris.fr/sites/default/files/2024-07/99_DE-D2024017.pdf]
[www.eivp-paris.fr/sites/default/files/2024-07/99_DE-D2024018.pdf]
[www.eivp-paris.fr/sites/default/files/2024-07/99_DE-D2024019.pdf]
[www.eivp-paris.fr/sites/default/files/2024-07/99_de-d2024020.pdf]
[www.eivp-paris.fr/sites/default/files/2024-07/40_ac-d2024021_2.pdf]
[www.eivp-paris.fr/conseil-dadministration-du-1er-juillet-2024.html]
[www.eivp-paris.fr/sites/default/files/2024-07/40_ac-d2024022_0.pdf]
[www.eivp-paris.fr/sites/default/files/2024-04/99_DE-D2024002.pdf]
[www.eivp-paris.fr/sites/default/files/2024-04/99_DE-D2024003.pdf]
[www.eivp-paris.fr/sites/default/files/2024-04/99_DE-D2024004.pdf]
[www.eivp-paris.fr/sites/default/files/2024-04/99_DE-D2024005.pdf]
[www.eivp-paris.fr/sites/default/files/2024-04/99_DE-D2024006.pdf]
[www.eivp-paris.fr/sites/default/files/2024-04/99_DE-D2024007.pdf]
[www.eivp-paris.fr/sites/default/files/2024-04/99_DE-D2024008.pdf]
[www.eivp-paris.fr/sites/default/files/2024-04/40_AC-D2024009.pdf]
[www.eivp-paris.fr/sites/default/files/2024-05/40_ac-d2024010.pdf]
[www.eivp-paris.fr/sites/default/files/2024-05/99_de-d2024011.pdf]
[www.eivp-paris.fr/conseil-dadministration-du-29-mars-2024.html]
[www.eivp-paris.fr/sites/default/files/2024-04/0001 CR CA 20240119.pdf]
[www.eivp-paris.fr/sites/default/files/2024-01/99_de-d2024001.pdf]
[www.eivp-paris.fr/conseil-dadministration-du-19-janvier-2024.html]
[www.eivp-paris.fr/sites/default/files/2024-01/99_de-d2023046.pdf]
[www.eivp-paris.fr/sites/default/files/2024-01/99_de-d2023047.pdf]
[www.eivp-paris.fr/sites/default/files/2024-01/99_de-d2023048.pdf]
[www.eivp-paris.fr/sites/default/files/2024-01/99_de-d2023049.pdf]
[www.eivp-paris.fr/sites/default/files/2024-01/cr_ca_20231204.docx]
[www.eivp-paris.fr/conseil-dadministration-du-4-decembre-2023.html]
[www.eivp-paris.fr/sites/default/files/2023-11/99_de-d2023030.pdf]
[www.eivp-paris.fr/sites/default/files/2023-11/99_de-d2023031.pdf]
[www.eivp-paris.fr/sites/default/files/2023-11/99_de-d2023032.pdf]
[www.eivp-paris.fr/sites/default/files/2023-11/99_de-d2023033.pdf]
[www.eivp-paris.fr/sites/default/files/2023-11/99_de-d2023034.pdf]
[www.eivp-paris.fr/sites/default/files/2023-11/99_de-d2023036.pdf]
[www.eivp-paris.fr/sites/default/files/2024-01/99_de-d2023036.pdf]
[www.eivp-paris.fr/sites/default/files/2024-01/99_de-d2023037.pdf]
[www.eivp-paris.fr/sites/default/files/2024-01/99_de-d2023038.pdf]
[www.eivp-paris.fr/sites/default/files/2023-11/99_de-d2023039.pdf]
[www.eivp-paris.fr/sites/default/files/2023-11/99_de-d2023040.pdf]
[www.eivp-paris.fr/sites/default/files/2023-11/99_de-d2023041.pdf]
[www.eivp-paris.fr/sites/default/files/2023-11/99_de-d2023042.pdf]
[www.eivp-paris.fr/sites/default/files/2023-11/99_de-d2023043.pdf]
[www.eivp-paris.fr/sites/default/files/2023-11/99_de-d2023044.pdf]
[www.eivp-paris.fr/sites/default/files/2023-11/99_de-d2023045.pdf]
[www.eivp-paris.fr/sites/default/files/2023-12/cr_ca_20231120.pdf]
[www.eivp-paris.fr/conseil-dadministration-du-20-novembre-2023.html]
[www.eivp-paris.fr/sites/default/files/2023-07/99_de-d2023014.pdf]
[www.eivp-paris.fr/sites/default/files/2023-07/99_de-d2023015.pdf]
[www.eivp-paris.fr/sites/default/files/2023-07/99_de-d2023016.pdf]
[www.eivp-paris.fr/sites/default/files/2023-07/99_de-d2023017.pdf]
[www.eivp-paris.fr/sites/default/files/2023-07/99_de-d2023018.pdf]
[www.eivp-paris.fr/sites/default/files/2023-07/99_de-d2023019.pdf]
[www.eivp-paris.fr/sites/default/files/2023-07/99_de-d2023020.pdf]
[www.eivp-paris.fr/sites/default/files/2023-07/99_de-d2023022.pdf]
[www.eivp-paris.fr/sites/default/files/2023-07/99_de-d2023023.pdf]
[www.eivp-paris.fr/sites/default/files/2023-07/99_de-d2023024.pdf]
[www.eivp-paris.fr/sites/default/files/2023-07/99_de-d2023025.pdf]
[www.eivp-paris.fr/sites/default/files/2023-07/99_de-d2023026.pdf]
[www.eivp-paris.fr/sites/default/files/2023-07/99_de-d2023027.pdf]
[www.eivp-paris.fr/sites/default/files/2023-07/99_de-d2023028.pdf]
[www.eivp-paris.fr/sites/default/files/2023-07/99_de-d2023029.pdf]
[www.eivp-paris.fr/sites/default/files/2023-11/cr_ca_20230703.pdf]
[www.eivp-paris.fr/conseil-dadministration-du-3-juillet-2023.html]
[www.eivp-paris.fr/sites/default/files/2023-04/99_de-d2023001_1.pdf]
[www.eivp-paris.fr/sites/default/files/2023-04/99_de-d2023002_0.pdf]
[www.eivp-paris.fr/sites/default/files/2023-04/99_de-d2023003_0.pdf]
[www.eivp-paris.fr/sites/default/files/2023-04/99_de-d2023004_0.pdf]
[www.eivp-paris.fr/sites/default/files/2023-04/99_de-d2023005_0.pdf]
[www.eivp-paris.fr/sites/default/files/2023-04/99_de-d2023006_0.pdf]
[www.eivp-paris.fr/sites/default/files/2023-04/99_de-d2023007_0.pdf]
[www.eivp-paris.fr/sites/default/files/2023-04/99_de-d2023008_0.pdf]
[www.eivp-paris.fr/sites/default/files/2023-04/99_de-d2023010_0.pdf]
[www.eivp-paris.fr/sites/default/files/2023-04/99_de-d2023009_0.pdf]
[www.eivp-paris.fr/sites/default/files/2023-04/99_de-d2023011_0.pdf]
[www.eivp-paris.fr/sites/default/files/2023-04/99_de-d2023012_1.pdf]
[www.eivp-paris.fr/sites/default/files/2023-04/99_de-d2023013_1.pdf]
[www.eivp-paris.fr/conseil-dadministration-du-19-avril-2023.html]
[www.eivp-paris.fr/sites/default/files/2023-07/cr_ca_20230419.docx]
[www.eivp-paris.fr/sites/default/files/2023-01/99_de-d2022041.pdf]
[www.eivp-paris.fr/sites/default/files/2023-01/99_de-d2022042.pdf]
[www.eivp-paris.fr/sites/default/files/2023-01/99_de-d2022043.pdf]
[www.eivp-paris.fr/sites/default/files/2023-01/99_de-d2022044.pdf]
[www.eivp-paris.fr/sites/default/files/2023-01/99_de-d2022045.pdf]
[www.eivp-paris.fr/sites/default/files/2023-01/99_de-d2022046.pdf]
[www.eivp-paris.fr/sites/default/files/2023-01/99_de-d2022047.pdf]
[www.eivp-paris.fr/sites/default/files/2023-01/99_de-d2022048.pdf]
[www.eivp-paris.fr/sites/default/files/2023-01/99_de-d2022049.pdf]
[www.eivp-paris.fr/sites/default/files/2023-01/99_de-d2022050.pdf]
[www.eivp-paris.fr/sites/default/files/2023-01/99_de-d2022051.pdf]
[www.eivp-paris.fr/sites/default/files/2023-01/99_de-d2022052.pdf]
[www.eivp-paris.fr/sites/default/files/2023-01/99_de-d2022053.pdf]
[www.eivp-paris.fr/sites/default/files/2023-01/99_de-d2022054.pdf]
[www.eivp-paris.fr/sites/default/files/2023-01/99_de-d2022055.pdf]
[www.eivp-paris.fr/sites/default/files/2023-01/99_de-d2022056.pdf]
[www.eivp-paris.fr/sites/default/files/2023-01/99_de-d2022057.pdf]
[www.eivp-paris.fr/sites/default/files/2023-01/99_de-d2022058.pdf]
[www.eivp-paris.fr/sites/default/files/2023-04/cr_ca_20221219.pdf]
[www.eivp-paris.fr/conseil-dadministration-du-19-decembre-2022.html]
[www.eivp-paris.fr/sites/default/files/2022-12/99_de-d2022040.pdf]
[www.eivp-paris.fr/sites/default/files/2022-12/cr_ca_20221128.pdf]
[www.eivp-paris.fr/conseil-dadministration-du-28-novembre.html]
[www.eivp-paris.fr/sites/default/files/2022-10/99_de-d2022030_0.pdf]
[www.eivp-paris.fr/sites/default/files/2022-10/99_de-d2022031_0.pdf]
[www.eivp-paris.fr/sites/default/files/2022-10/99_de-d2022032.pdf]
[www.eivp-paris.fr/sites/default/files/2022-10/99_de-d2022033.pdf]
[www.eivp-paris.fr/sites/default/files/2022-10/99_de-d2022034.pdf]
[www.eivp-paris.fr/sites/default/files/2022-10/99_de-d2022035.pdf]
[www.eivp-paris.fr/sites/default/files/2022-10/99_de-d2022036.pdf]
[www.eivp-paris.fr/sites/default/files/2022-10/99_de-d2022037.pdf]
[www.eivp-paris.fr/sites/default/files/2022-10/99_de-d2022038.pdf]
[www.eivp-paris.fr/sites/default/files/2022-10/99_de-d2022039.pdf]
[www.eivp-paris.fr/sites/default/files/2022-12/CR CA 20221019.pdf]
[www.eivp-paris.fr/conseil-dadministration-du-19-octobre-2022.html]
[www.eivp-paris.fr/sites/default/files/2022-07/99_de-d2022014.pdf]
[www.eivp-paris.fr/sites/default/files/2022-07/99_de-d2022015.pdf]
[www.eivp-paris.fr/sites/default/files/2022-07/99_de-d2022016.pdf]
[www.eivp-paris.fr/sites/default/files/2022-07/99_de-d2022017.pdf]
[www.eivp-paris.fr/sites/default/files/2022-07/99_de-d2022018.pdf]
[www.eivp-paris.fr/sites/default/files/2022-07/99_de-d2022019.pdf]
[www.eivp-paris.fr/sites/default/files/2022-07/99_de-d2022020.pdf]
[www.eivp-paris.fr/sites/default/files/2022-07/99_de-d2022021.pdf]
[www.eivp-paris.fr/sites/default/files/2022-07/99_de-d2022022.pdf]
[www.eivp-paris.fr/sites/default/files/2022-07/99_de-d2022023.pdf]
[www.eivp-paris.fr/sites/default/files/2022-07/99_de-d2022024.pdf]
[www.eivp-paris.fr/sites/default/files/2022-07/99_de-d2022025.pdf]
[www.eivp-paris.fr/sites/default/files/2022-07/99_de-d2022026.pdf]
[www.eivp-paris.fr/sites/default/files/2022-07/99_de-d2022027.pdf]
[www.eivp-paris.fr/sites/default/files/2022-07/99_de-d2022028.pdf]
[www.eivp-paris.fr/sites/default/files/2022-07/99_de-d2022029.pdf]
[www.eivp-paris.fr/sites/default/files/2022-07/liste_des_deliberations_examinees_ca_du_4_juillet_2022.docx]
[www.eivp-paris.fr/conseil-dadministration-du-4-juillet-2022.html]
[www.eivp-paris.fr/sites/default/files/2022-04/99_de-d2022002.pdf]
[www.eivp-paris.fr/sites/default/files/2022-04/99_de-d2022003.pdf]
[www.eivp-paris.fr/sites/default/files/2022-04/99_de-d2022004.pdf]
[www.eivp-paris.fr/sites/default/files/2022-04/99_de-d2022005_1.pdf]
[www.eivp-paris.fr/sites/default/files/2022-04/99_de-d2022006.pdf]
[www.eivp-paris.fr/sites/default/files/2022-04/99_de-d2022007.pdf]
[www.eivp-paris.fr/sites/default/files/2022-04/99_de-d2022008.pdf]
[www.eivp-paris.fr/sites/default/files/2022-04/99_de-d2022009.pdf]
[www.eivp-paris.fr/sites/default/files/2022-04/99_de-d2022010.pdf]
[www.eivp-paris.fr/sites/default/files/2022-04/99_de-d2022011.pdf]
[www.eivp-paris.fr/sites/default/files/2022-04/99_de-d2022012.pdf]
[www.eivp-paris.fr/sites/default/files/2022-04/99_de-d2022013.pdf]
[www.eivp-paris.fr/conseil-dadministration-du-28-mars-2022.html]
[www.eivp-paris.fr/sites/default/files/2022-02/99_de-d2022001.pdf]
[www.eivp-paris.fr/sites/default/files/2022-04/cr_ca_20220207_0.pdf]
[www.eivp-paris.fr/conseil-dadministration-du-7-fevrier-2022.html]
[www.eivp-paris.fr/sites/default/files/2021-12/99_de-d2021041.pdf]
[www.eivp-paris.fr/sites/default/files/2021-12/99_de-d2021042.pdf]
[www.eivp-paris.fr/sites/default/files/2021-12/99_de-d2021043_0.pdf]
[www.eivp-paris.fr/sites/default/files/2021-12/99_de-d2021044.pdf]
[www.eivp-paris.fr/sites/default/files/2021-12/99_de-d2021045.pdf]
[www.eivp-paris.fr/sites/default/files/2021-12/99_de-d2021046.pdf]
[www.eivp-paris.fr/sites/default/files/2021-12/99_de-d2021047.pdf]
[www.eivp-paris.fr/sites/default/files/2021-12/99_de-d2021048.pdf]
[www.eivp-paris.fr/sites/default/files/2021-12/99_de-d2021049.pdf]
[www.eivp-paris.fr/sites/default/files/2021-12/99_de-d2021050.pdf]
[www.eivp-paris.fr/sites/default/files/2021-12/99_de-d2021051.pdf]
[www.eivp-paris.fr/sites/default/files/2021-12/051_ac_2021_profil_des_emplois.pdf]
[www.eivp-paris.fr/conseil-dadministration-du-13-decembre-2021.html]
[www.eivp-paris.fr/sites/default/files/2021-11/99_de-d2021032_0.pdf]
[www.eivp-paris.fr/sites/default/files/2021-11/99_de-d2021033_0.pdf]
[www.eivp-paris.fr/sites/default/files/2021-11/99_de-d2021035.pdf]
[www.eivp-paris.fr/sites/default/files/2021-11/99_de-d2021034.pdf]
[www.eivp-paris.fr/sites/default/files/2021-11/99_de-d2021036.pdf]
[www.eivp-paris.fr/sites/default/files/2021-11/99_de-d2021037.pdf]
[www.eivp-paris.fr/sites/default/files/2021-11/99_de-d2021038.pdf]
[www.eivp-paris.fr/sites/default/files/2021-11/99_de-d2021039.pdf]
[www.eivp-paris.fr/conseil-dadministration-du-18-octobre-2021.html]
[www.eivp-paris.fr/sites/default/files/2021-07/99_de-d2021018.pdf]
[www.eivp-paris.fr/sites/default/files/2021-07/99_de-d2021019_0.pdf]
[www.eivp-paris.fr/sites/default/files/2021-07/99_de-d2021020.pdf]
[www.eivp-paris.fr/sites/default/files/2021-07/99_de-d2021021.pdf]
[www.eivp-paris.fr/sites/default/files/2021-07/99_de-d2021022_anonyme.pdf]
[www.eivp-paris.fr/sites/default/files/2021-07/99_de-d2021023.pdf]
[www.eivp-paris.fr/sites/default/files/2021-07/99_de-d2021024.pdf]
[www.eivp-paris.fr/sites/default/files/2021-07/99_de-d2021025.pdf]
[www.eivp-paris.fr/sites/default/files/2021-07/99_de-d2021026.pdf]
[www.eivp-paris.fr/sites/default/files/2021-07/99_de-d2021027.pdf]
[www.eivp-paris.fr/sites/default/files/2021-07/99_de-d2021028.pdf]
[www.eivp-paris.fr/sites/default/files/2021-07/99_de-d2021029.pdf]
[www.eivp-paris.fr/sites/default/files/2021-07/99_de-d2021030.pdf]
[www.eivp-paris.fr/sites/default/files/2021-07/99_de-d2021031.pdf]
[www.eivp-paris.fr/conseil-dadministration-du-30-juin-2021.html]
[www.eivp-paris.fr/sites/default/files/2021-03/99_de-d2021001_0.pdf]
[www.eivp-paris.fr/sites/default/files/2021-03/99_de-d2021002.pdf]
[www.eivp-paris.fr/sites/default/files/2021-03/99_de-d2021003.pdf]
[www.eivp-paris.fr/sites/default/files/2021-03/99_de-d2021004.pdf]
[www.eivp-paris.fr/sites/default/files/2021-03/99_de-d2021005.pdf]
[www.eivp-paris.fr/sites/default/files/2021-03/99_de-d2021007.pdf]
[www.eivp-paris.fr/sites/default/files/2021-03/99_de-d2021006.pdf]
[www.eivp-paris.fr/sites/default/files/2021-03/99_de-d2021009.pdf]
[www.eivp-paris.fr/sites/default/files/2021-03/99_de-d2021010.pdf]
[www.eivp-paris.fr/sites/default/files/2021-03/99_de-d2021012.pdf]
[www.eivp-paris.fr/sites/default/files/2021-03/99_de-d2021011.pdf]
[www.eivp-paris.fr/sites/default/files/2021-03/99_de-d2021013.pdf]
[www.eivp-paris.fr/sites/default/files/2021-03/99_de-d2021014.pdf]
[www.eivp-paris.fr/sites/default/files/2021-03/99_de-d2021015.pdf]
[www.eivp-paris.fr/sites/default/files/2021-03/99_de-d2021016.pdf]
[www.eivp-paris.fr/sites/default/files/2021-03/99_de-d2021017.pdf]
[www.eivp-paris.fr/sites/default/files/2021-03/99_de-d2021008_0.pdf]
[www.eivp-paris.fr/conseil-dadministration-du-16-mars-2021.html]
[www.eivp-paris.fr/sites/default/files/2020-12/99_de-d2020030_1.pdf]
[www.eivp-paris.fr/sites/default/files/2020-12/99_de-d2020031_1.pdf]
[www.eivp-paris.fr/sites/default/files/2020-12/99_de-d2020032_1.pdf]
[www.eivp-paris.fr/sites/default/files/2020-12/99_de-d2020033_1.pdf]
[www.eivp-paris.fr/sites/default/files/2020-12/99_de-d2020034_1.pdf]
[www.eivp-paris.fr/sites/default/files/2020-12/99_de-d2020035_1.pdf]
[www.eivp-paris.fr/sites/default/files/2020-12/99_de-d2020036_1.pdf]
[www.eivp-paris.fr/sites/default/files/2020-12/99_de-d2020037_1.pdf]
[www.eivp-paris.fr/sites/default/files/2020-12/99_de-d2020038_1.pdf]
[www.eivp-paris.fr/sites/default/files/2020-12/99_de-d2020039_1.pdf]
[www.eivp-paris.fr/sites/default/files/2020-12/99_de-d2020040_1.pdf]
[www.eivp-paris.fr/sites/default/files/2020-12/99_de-d2020041_1.pdf]
[www.eivp-paris.fr/sites/default/files/2020-12/99_de-d2020042_1.pdf]
[www.eivp-paris.fr/sites/default/files/2020-12/99_de-d2020043_1.pdf]
[www.eivp-paris.fr/sites/default/files/2020-12/40_ac-d2020044_1.pdf]
[www.eivp-paris.fr/sites/default/files/2021-03/cr_du_ca_08.12.2020_0.pdf]
[www.eivp-paris.fr/conseil-dadministration-du-8-decembre-2020.html]
[www.eivp-paris.fr/sites/default/files/2020-11/99_de-d2020017.pdf]
[www.eivp-paris.fr/sites/default/files/2020-11/99_de-d2020018.pdf]
[www.eivp-paris.fr/sites/default/files/2020-11/99_de-d2020019.pdf]
[www.eivp-paris.fr/sites/default/files/2020-11/99_de-d2020020.pdf]
[www.eivp-paris.fr/sites/default/files/2020-11/99_de-d2020021.pdf]
[www.eivp-paris.fr/sites/default/files/2020-11/99_de-d2020023.pdf]
[www.eivp-paris.fr/sites/default/files/2020-11/99_de-d2020022.pdf]
[www.eivp-paris.fr/sites/default/files/2020-11/99_de-d2020024.pdf]
[www.eivp-paris.fr/sites/default/files/2020-11/99_de-d2020025.pdf]
[www.eivp-paris.fr/sites/default/files/2020-11/99_de-d2020027.pdf]
[www.eivp-paris.fr/sites/default/files/2020-11/99_de-d2020026.pdf]
[www.eivp-paris.fr/sites/default/files/2020-11/99_de-d2020029.pdf]
[www.eivp-paris.fr/sites/default/files/2020-11/99_de-d2020028.pdf]
[www.eivp-paris.fr/sites/default/files/2020-12/cr_ca_20201109.pdf]
[www.eivp-paris.fr/conseil-dadministration-du-9-novembre-2020.html]
[www.eivp-paris.fr/sites/default/files/2020-11/99_de-2020_015_delib_signee.pdf]
[www.eivp-paris.fr/sites/default/files/2020-11/99_de-2020_016_delib_signee.pdf]
[www.eivp-paris.fr/sites/default/files/2020-12/002_cr_eivp_ca_20201103_0.pdf]
[www.eivp-paris.fr/conseil-dadministration-du-3-novembre-2020.html]
[www.eivp-paris.fr/sites/default/files/2020-12/002_cr_eivp_ca_du_20.05.2020.pdf]
[www.eivp-paris.fr/sites/default/files/2020-06/99_de-d2020002_0.pdf]
[www.eivp-paris.fr/sites/default/files/2020-06/99_de-d2020001_0.pdf]
[www.eivp-paris.fr/sites/default/files/2020-06/99_de-d2020003_0.pdf]
[www.eivp-paris.fr/sites/default/files/2020-06/99_de-d2020004_0.pdf]
[www.eivp-paris.fr/sites/default/files/2020-06/99_de-d2020005_0.pdf]
[www.eivp-paris.fr/sites/default/files/2020-06/99_de-d2020006_0.pdf]
[www.eivp-paris.fr/sites/default/files/2020-06/99_de-d2020008_0.pdf]
[www.eivp-paris.fr/sites/default/files/2020-06/99_de-d2020007_0.pdf]
[www.eivp-paris.fr/sites/default/files/2020-06/99_de-d2020009_0.pdf]
[www.eivp-paris.fr/sites/default/files/2020-06/99_de-d2020011_0.pdf]
[www.eivp-paris.fr/sites/default/files/2020-06/99_de-d2020013_0.pdf]
[www.eivp-paris.fr/sites/default/files/2020-06/99_de-d2020012_0.pdf]
[www.eivp-paris.fr/sites/default/files/2020-06/99_de-d2020014_0.pdf]
[www.eivp-paris.fr/sites/default/files/2020-06/99_de-d2020010.pdf]
[www.eivp-paris.fr/sites/default/files/2020-11/compte-rendu_ca_du_20.05.2020.pdf]
[www.eivp-paris.fr/conseil-dadministration-du-20052020.html]
[www.eivp-paris.fr/sites/default/files/2020-01/d2019052.pdf]
[www.eivp-paris.fr/sites/default/files/2020-01/d2019051.pdf]
[www.eivp-paris.fr/sites/default/files/2020-01/d2019053.pdf]
[www.eivp-paris.fr/sites/default/files/2020-01/d2019054.pdf]
[www.eivp-paris.fr/sites/default/files/2020-01/d2019055.pdf]
[www.eivp-paris.fr/sites/default/files/2020-01/d2019056.pdf]
[www.eivp-paris.fr/sites/default/files/2020-01/d2019057.pdf]
[www.eivp-paris.fr/sites/default/files/2020-01/d2019058.pdf]
[www.eivp-paris.fr/sites/default/files/2020-01/d2019059.pdf]
[www.eivp-paris.fr/sites/default/files/2020-01/d2019060.pdf]
[www.eivp-paris.fr/sites/default/files/2020-01/d2019061.pdf]
[www.eivp-paris.fr/sites/default/files/2020-01/d2019062.pdf]
[www.eivp-paris.fr/sites/default/files/2020-06/compte-rendu_ca_06.12.019.pdf]
[www.eivp-paris.fr/conseil-dadministration-du-6122019.html]
[www.eivp-paris.fr/sites/default/files/2019-12/d2019035_1.pdf]
[www.eivp-paris.fr/sites/default/files/2019-12/d2019036_1.pdf]
[www.eivp-paris.fr/sites/default/files/2019-12/d2019038_0.pdf]
[www.eivp-paris.fr/sites/default/files/2019-12/d2019037_0.pdf]
[www.eivp-paris.fr/sites/default/files/2019-12/d2019039a.pdf]
[www.eivp-paris.fr/sites/default/files/2019-12/d2019040_0.pdf]
[www.eivp-paris.fr/sites/default/files/2019-12/d2019041_0.pdf]
[www.eivp-paris.fr/sites/default/files/2019-12/d2019042_0.pdf]
[www.eivp-paris.fr/sites/default/files/2019-12/d2019043_0.pdf]
[www.eivp-paris.fr/sites/default/files/2019-12/d2019044_0.pdf]
[www.eivp-paris.fr/sites/default/files/2019-12/d2019045_0.pdf]
[www.eivp-paris.fr/sites/default/files/2019-12/d2019047_0.pdf]
[www.eivp-paris.fr/sites/default/files/2019-12/d2019046_0.pdf]
[www.eivp-paris.fr/sites/default/files/2019-12/d2019049_0.pdf]
[www.eivp-paris.fr/sites/default/files/2019-12/d2019048_0.pdf]
[www.eivp-paris.fr/sites/default/files/2019-12/d2019050_0.pdf]
[www.eivp-paris.fr/sites/default/files/2019-12/002_cr_eivp_ca_du_17.10.2019.docx]
[www.eivp-paris.fr/conseil-dadministration-du-17102019.html]
[www.eivp-paris.fr/sites/default/files/2019-10/d2019032.pdf]
[www.eivp-paris.fr/sites/default/files/2019-10/d2019033.pdf]
[www.eivp-paris.fr/sites/default/files/2019-12/002_cr_eivp_ca_du_20.09.2019_1.docx]
[www.eivp-paris.fr/conseil-dadministration-du-20092019.html]
[www.eivp-paris.fr/sites/default/files/2019-07/d2019015.pdf]
[www.eivp-paris.fr/sites/default/files/2019-07/d2019016.pdf]
[www.eivp-paris.fr/sites/default/files/2019-07/d2019017.pdf]
[www.eivp-paris.fr/sites/default/files/2019-07/d2019018.pdf]
[www.eivp-paris.fr/sites/default/files/2019-07/d2019019.pdf]
[www.eivp-paris.fr/sites/default/files/2019-07/d2019020.pdf]
[www.eivp-paris.fr/sites/default/files/2019-07/d2019021.pdf]
[www.eivp-paris.fr/sites/default/files/2019-07/d2019022.pdf]
[www.eivp-paris.fr/sites/default/files/2019-07/d2019023.pdf]
[www.eivp-paris.fr/sites/default/files/2019-07/d2019024.pdf]
[www.eivp-paris.fr/sites/default/files/2019-07/d2019025.pdf]
[www.eivp-paris.fr/sites/default/files/2019-07/d2019026.pdf]
[www.eivp-paris.fr/sites/default/files/2019-07/d2019027.pdf]
[www.eivp-paris.fr/sites/default/files/2019-07/d2019028.pdf]
[www.eivp-paris.fr/sites/default/files/2019-07/d2019029.pdf]
[www.eivp-paris.fr/sites/default/files/2019-07/d2019030.pdf]
[www.eivp-paris.fr/sites/default/files/2019-07/d2019031.pdf]
[www.eivp-paris.fr/sites/default/files/2019-07/odj_ca_03.07.2019.pdf]
[www.eivp-paris.fr/sites/default/files/2019-09/cr_ca_03.07.2019_0.pdf]
[www.eivp-paris.fr/conseil-dadministration-du-03072019.html]
[www.eivp-paris.fr/sites/default/files/2019-03/d2019001.pdf]
[www.eivp-paris.fr/sites/default/files/2019-03/d2019002.pdf]
[www.eivp-paris.fr/sites/default/files/2019-03/d2019003.pdf]
[www.eivp-paris.fr/sites/default/files/2019-03/d2019004.pdf]
[www.eivp-paris.fr/sites/default/files/2019-03/d2019005.pdf]
[www.eivp-paris.fr/sites/default/files/2019-03/d2019006.pdf]
[www.eivp-paris.fr/sites/default/files/2019-03/d2019007.pdf]
[www.eivp-paris.fr/sites/default/files/2019-03/d2019008_0.pdf]
[www.eivp-paris.fr/sites/default/files/2019-03/d2019009.pdf]
[www.eivp-paris.fr/sites/default/files/2019-03/d2019010.pdf]
[www.eivp-paris.fr/sites/default/files/2019-03/d2019011.pdf]
[www.eivp-paris.fr/sites/default/files/2019-03/d2019012.pdf]
[www.eivp-paris.fr/sites/default/files/2019-03/d2019013.pdf]
[www.eivp-paris.fr/sites/default/files/2019-03/d2019014.pdf]
[www.eivp-paris.fr/sites/default/files/2019-07/cr_ca_20.03.2019.pdf]
[www.eivp-paris.fr/conseil-dadministration-du-20032019.html]
[www.eivp-paris.fr/sites/default/files/2019-01/d2018059.pdf]
[www.eivp-paris.fr/sites/default/files/2019-01/d2018060.pdf]
[www.eivp-paris.fr/sites/default/files/2019-01/d2018061.pdf]
[www.eivp-paris.fr/sites/default/files/2019-01/d2018062.pdf]
[www.eivp-paris.fr/sites/default/files/2019-01/d2018063.pdf]
[www.eivp-paris.fr/sites/default/files/2019-01/d2018064.pdf]
[www.eivp-paris.fr/sites/default/files/2019-01/d2018065.pdf]
[www.eivp-paris.fr/sites/default/files/2019-01/d2018066.pdf]
[www.eivp-paris.fr/sites/default/files/2019-01/d2018067.pdf]
[www.eivp-paris.fr/sites/default/files/2019-01/d2018068.pdf]
[www.eivp-paris.fr/sites/default/files/2019-01/d2018069.pdf]
[www.eivp-paris.fr/sites/default/files/2019-01/d2018070.pdf]
[www.eivp-paris.fr/sites/default/files/2019-01/d2018071.pdf]
[www.eivp-paris.fr/sites/default/files/2019-01/001_ordre_du_jour_du_ca_12_2018_def.pdf]
[www.eivp-paris.fr/sites/default/files/2019-03/002_cr_eivp_ca_du_20_12_2018_1.pdf]
[www.eivp-paris.fr/conseil-dadministration-du-20122018.html]
[www.eivp-paris.fr/sites/default/files/2018-11/d2018037.pdf]
[www.eivp-paris.fr/sites/default/files/2018-11/d2018038.pdf]
[www.eivp-paris.fr/sites/default/files/2018-11/d2018039.pdf]
[www.eivp-paris.fr/sites/default/files/2018-11/d2018040.pdf]
[www.eivp-paris.fr/sites/default/files/2018-11/d2018041.pdf]
[www.eivp-paris.fr/sites/default/files/2018-11/d2018042.pdf]
[www.eivp-paris.fr/sites/default/files/2018-11/d2018043_anonyme.pdf]
[www.eivp-paris.fr/sites/default/files/2018-11/d2018044.pdf]
[www.eivp-paris.fr/sites/default/files/2018-11/d2018045.pdf]
[www.eivp-paris.fr/sites/default/files/2018-11/d2018046.pdf]
[www.eivp-paris.fr/sites/default/files/2018-11/d2018047.pdf]
[www.eivp-paris.fr/sites/default/files/2018-11/d2018048.pdf]
[www.eivp-paris.fr/sites/default/files/2018-11/d2018049.pdf]
[www.eivp-paris.fr/sites/default/files/2018-11/d2018050.pdf]
[www.eivp-paris.fr/sites/default/files/2018-11/d2018051.pdf]
[www.eivp-paris.fr/sites/default/files/2018-11/d2018052.pdf]
[www.eivp-paris.fr/sites/default/files/2018-11/d2018053.pdf]
[www.eivp-paris.fr/sites/default/files/2018-11/d2018054.pdf]
[www.eivp-paris.fr/sites/default/files/2018-11/d2018055.pdf]
[www.eivp-paris.fr/sites/default/files/2018-11/d2018056.pdf]
[www.eivp-paris.fr/sites/default/files/2018-11/d2018057.pdf]
[www.eivp-paris.fr/sites/default/files/2018-11/d2018058.pdf]
[www.eivp-paris.fr/conseil-dadministration-du-23102018.html]
[www.eivp-paris.fr/sites/default/files/2019-01/002_cr_eivp_ca_du_23_10_2018_def.pdf]
[www.eivp-paris.fr/sites/default/files/2018-07/d2018019.pdf]
[www.eivp-paris.fr/sites/default/files/2018-07/d2018020.pdf]
[www.eivp-paris.fr/sites/default/files/2018-07/d2018021.pdf]
[www.eivp-paris.fr/sites/default/files/2018-07/d2018022.pdf]
[www.eivp-paris.fr/sites/default/files/2018-07/d2018023.pdf]
[www.eivp-paris.fr/sites/default/files/2018-07/d2018024.pdf]
[www.eivp-paris.fr/sites/default/files/2018-07/d2018025.pdf]
[www.eivp-paris.fr/sites/default/files/2018-07/d2018026.pdf]
[www.eivp-paris.fr/sites/default/files/2018-07/d2018027.pdf]
[www.eivp-paris.fr/sites/default/files/2018-07/d2018028.pdf]
[www.eivp-paris.fr/sites/default/files/2018-07/d2018029.pdf]
[www.eivp-paris.fr/sites/default/files/2018-07/d2018030.pdf]
[www.eivp-paris.fr/sites/default/files/2018-07/d2018031.pdf]
[www.eivp-paris.fr/sites/default/files/2018-07/d2018032.pdf]
[www.eivp-paris.fr/sites/default/files/2018-07/d2018033.pdf]
[www.eivp-paris.fr/sites/default/files/2018-07/d2018034.pdf]
[www.eivp-paris.fr/sites/default/files/2018-07/d2018035.pdf]
[www.eivp-paris.fr/sites/default/files/2018-07/d2018036.pdf]
[www.eivp-paris.fr/sites/default/files/2018-07/001_ordre_du_jour_du_ca_27_06_2018.pdf]
[www.eivp-paris.fr/sites/default/files/2018-11/002_cr_eivp_ca_du_27_06_2018.pdf]
[www.eivp-paris.fr/conseil-dadministration-du-27062018.html]
[www.eivp-paris.fr/sites/default/files/2018-04/d2018001-2_0.pdf]
[www.eivp-paris.fr/sites/default/files/2018-04/d2018002-2.pdf]
[www.eivp-paris.fr/sites/default/files/2018-04/d2018003-2.pdf]
[www.eivp-paris.fr/sites/default/files/2018-04/d2018004-2.pdf]
[www.eivp-paris.fr/sites/default/files/2018-04/d2018005-3.pdf]
[www.eivp-paris.fr/sites/default/files/2018-04/d2018006-3.pdf]
[www.eivp-paris.fr/sites/default/files/2018-04/d2018007-2.pdf]
[www.eivp-paris.fr/sites/default/files/2018-04/d2018008-2.pdf]
[www.eivp-paris.fr/sites/default/files/2018-04/d2018009-2.pdf]
[www.eivp-paris.fr/sites/default/files/2018-04/d2018010-3.pdf]
[www.eivp-paris.fr/sites/default/files/2018-04/d2018011-2.pdf]
[www.eivp-paris.fr/sites/default/files/2018-04/d2018012-2.pdf]
[www.eivp-paris.fr/sites/default/files/2018-04/d2018013-2.pdf]
[www.eivp-paris.fr/sites/default/files/2018-04/d2018014-2.pdf]
[www.eivp-paris.fr/sites/default/files/2018-04/d2018015-2.pdf]
[www.eivp-paris.fr/sites/default/files/2018-04/d2018016-2.pdf]
[www.eivp-paris.fr/sites/default/files/2018-04/d2018017-2.pdf]
[www.eivp-paris.fr/sites/default/files/2018-04/d2018018-2.pdf]
[www.eivp-paris.fr/sites/default/files/2018-07/cr_ca_30.03.2018.pdf]
[www.eivp-paris.fr/conseil-dadministration-du-30032018.html]
[www.eivp-paris.fr/sites/default/files/2018-03/d2017062.pdf]
[www.eivp-paris.fr/sites/default/files/2018-03/d2017063.pdf]
[www.eivp-paris.fr/sites/default/files/2018-03/d2017064.pdf]
[www.eivp-paris.fr/sites/default/files/2018-03/d2017065.pdf]
[www.eivp-paris.fr/sites/default/files/2018-03/d2017066.pdf]
[www.eivp-paris.fr/sites/default/files/2018-03/d2017067.pdf]
[www.eivp-paris.fr/sites/default/files/2018-03/d2017068.pdf]
[www.eivp-paris.fr/sites/default/files/2018-03/d2017069.pdf]
[www.eivp-paris.fr/sites/default/files/2018-03/d2017070.pdf]
[www.eivp-paris.fr/sites/default/files/2018-03/d2017071.pdf]
[www.eivp-paris.fr/sites/default/files/2018-03/d2017072.pdf]
[www.eivp-paris.fr/sites/default/files/2018-03/d2017073.pdf]
[www.eivp-paris.fr/sites/default/files/2018-03/d2017074.pdf]
[www.eivp-paris.fr/sites/default/files/2018-03/d2017075.pdf]
[www.eivp-paris.fr/sites/default/files/2018-03/d2017076.pdf]
[www.eivp-paris.fr/sites/default/files/2018-03/d2017077.pdf]
[www.eivp-paris.fr/sites/default/files/2018-03/d2017078.pdf]
[www.eivp-paris.fr/sites/default/files/2018-04/002_cr_eivp_ca_du_21_12_2017.pdf]
[www.eivp-paris.fr/conseil-dadministration-du-21122017.html]
[www.eivp-paris.fr/sites/default/files/2018-03/044_ad_2017_suivi_budget_emplois.pdf]
[www.eivp-paris.fr/sites/default/files/2018-03/045_ac_2017_dm1_2017.pdf]
[www.eivp-paris.fr/sites/default/files/2018-03/046_ab_2017_collecte_ta_2017.pdf]
[www.eivp-paris.fr/sites/default/files/2018-03/047_ab_2017_dob_2018.pdf]
[www.eivp-paris.fr/sites/default/files/2018-03/048_ab_2017_exoneration_frais_de_scolarite_anonyme.pdf]
[www.eivp-paris.fr/sites/default/files/2018-03/049_ab_2017_bilan_ue_2017.pdf]
[www.eivp-paris.fr/sites/default/files/2018-03/050_ab_2017_bilan_de_la_rentree_2017.pdf]
[www.eivp-paris.fr/sites/default/files/2018-03/051_ab_2017_places_concours_2018.pdf]
[www.eivp-paris.fr/sites/default/files/2018-03/052_ab_2017_reglement_scolarite_2017.pdf]
[www.eivp-paris.fr/sites/default/files/2018-03/053_ab_2017_subvention_club_nautique.pdf]
[www.eivp-paris.fr/sites/default/files/2018-03/054_ab_2017_subvention_bda.pdf]
[www.eivp-paris.fr/sites/default/files/2018-03/055_ab_2017_convention_evesa.pdf]
[www.eivp-paris.fr/sites/default/files/2018-03/056_ab_2017_convention_pulse.pdf]
[www.eivp-paris.fr/sites/default/files/2018-03/057_ab_2017_convention_engees_dd.pdf]
[www.eivp-paris.fr/sites/default/files/2018-03/058_ab_2017_avenant_etudes_urbaines.pdf]
[www.eivp-paris.fr/sites/default/files/2018-03/059_ab_2017_convention_allsetfor.pdf]
[www.eivp-paris.fr/sites/default/files/2018-03/060_ab_2017_convention_apats_plm.pdf]
[www.eivp-paris.fr/sites/default/files/2018-03/061_ab_2017_recrutement_des_vacataires.pdf]
[www.eivp-paris.fr/sites/default/files/2018-03/cr_ca_25_10_2017.pdf]
[www.eivp-paris.fr/conseil-dadministration-du-25102017.html]
[www.eivp-paris.fr/sites/default/files/2018-03/d2017021.pdf]
[www.eivp-paris.fr/sites/default/files/2018-03/d2017022.pdf]
[www.eivp-paris.fr/sites/default/files/2018-03/d2017023.pdf]
[www.eivp-paris.fr/sites/default/files/2018-03/d2017024.pdf]
[www.eivp-paris.fr/sites/default/files/2018-03/d2017025.pdf]
[www.eivp-paris.fr/sites/default/files/2018-03/d2017026.pdf]
[www.eivp-paris.fr/sites/default/files/2018-03/d2017027.pdf]
[www.eivp-paris.fr/sites/default/files/2018-03/d2017028.pdf]
[www.eivp-paris.fr/sites/default/files/2018-03/d2017029.pdf]
[www.eivp-paris.fr/sites/default/files/2018-03/d2017030.pdf]
[www.eivp-paris.fr/sites/default/files/2018-03/d2017031.pdf]
[www.eivp-paris.fr/sites/default/files/2018-03/d2017032.pdf]
[www.eivp-paris.fr/sites/default/files/2018-03/d2017033.pdf]
[www.eivp-paris.fr/sites/default/files/2018-03/d2017034.pdf]
[www.eivp-paris.fr/sites/default/files/2018-03/d2017035.pdf]
[www.eivp-paris.fr/sites/default/files/2018-03/d2017036.pdf]
[www.eivp-paris.fr/sites/default/files/2018-03/d2017037.pdf]
[www.eivp-paris.fr/sites/default/files/2018-03/d2017038.pdf]
[www.eivp-paris.fr/sites/default/files/2018-03/d2017039.pdf]
[www.eivp-paris.fr/sites/default/files/2018-03/d2017040.pdf]
[www.eivp-paris.fr/sites/default/files/2018-03/d2017041.pdf]
[www.eivp-paris.fr/sites/default/files/2018-03/d2017042.pdf]
[www.eivp-paris.fr/sites/default/files/2018-03/cr_ca_14.06.2017.pdf]
[www.eivp-paris.fr/sites/default/files/2018-03/odj_ca_14.06.2017.pdf]
[www.eivp-paris.fr/conseil-dadministration-du-14062017.html]
[www.eivp-paris.fr/sites/default/files/2018-03/001_ac_2017_audit_cti.pdf]
[www.eivp-paris.fr/sites/default/files/2018-03/002_ab_2017_avancement_isite.pdf]
[www.eivp-paris.fr/sites/default/files/2018-03/003_ab_2017_rapport_activite_dd.pdf]
[www.eivp-paris.fr/sites/default/files/2018-03/004_ab_2017_bilan_social_2016.pdf]
[www.eivp-paris.fr/sites/default/files/2018-03/005_ab_2017_reseaux_et_associations.pdf]
[www.eivp-paris.fr/sites/default/files/2018-03/006_ab_2017_compte_de_gestion_2016.pdf]
[www.eivp-paris.fr/sites/default/files/2018-03/007_ac_2017_compte_administratif_2016.pdf]
[www.eivp-paris.fr/sites/default/files/2018-03/008_ab_2017_affectation_des_resultats_2016.pdf]
[www.eivp-paris.fr/sites/default/files/2018-03/009_ac_2017_bs_2017.pdf]
[www.eivp-paris.fr/sites/default/files/2018-03/010_ad_2017_suivi_budget_emplois.pdf]
[www.eivp-paris.fr/sites/default/files/2018-03/011_ac_2017_tarifs_ue_2017.pdf]
[www.eivp-paris.fr/sites/default/files/2018-03/012_ab_2017_anonyme_exoneration_frais_de_scolarite.pdf]
[www.eivp-paris.fr/sites/default/files/2018-03/013_ab_2017_conseil_de_perfectionnement_gg.pdf]
[www.eivp-paris.fr/sites/default/files/2018-03/014_ab_2017_subv_aeivp_bde.pdf]
[www.eivp-paris.fr/sites/default/files/2018-03/015_ab_2017_subv_bde_epsaa.pdf]
[www.eivp-paris.fr/sites/default/files/2018-03/016_ab_2017_convention_puca_biscote.pdf]
[www.eivp-paris.fr/sites/default/files/2018-03/017_ac_2017_convention_polluscope.pdf]
[www.eivp-paris.fr/sites/default/files/2018-03/018_ab_2017_convention_meem_concours.pdf]
[www.eivp-paris.fr/sites/default/files/2018-03/019_ab_2017_avenant_convention_engees_urbeausep.pdf]
[www.eivp-paris.fr/sites/default/files/2018-03/020_ab_2017_avenant_8_estp.pdf]
[www.eivp-paris.fr/sites/default/files/2018-03/cr_ca_01.03.2017.pdf]
[www.eivp-paris.fr/conseil-dadministration-du-01032017.html]
[www.eivp-paris.fr/sites/default/files/2018-03/050_ab_2016_positionnement_isite.pdf]
[www.eivp-paris.fr/sites/default/files/2018-03/051_ab_2016_plan_directeur_informatique.pdf]
[www.eivp-paris.fr/sites/default/files/2018-03/052_ad_2016_suivi_budget_emplois.pdf]
[www.eivp-paris.fr/sites/default/files/2018-03/053_ab_2016_taux_horaire.pdf]
[www.eivp-paris.fr/sites/default/files/2018-03/054_ac_2016_dm3_2016_corrige.pdf]
[www.eivp-paris.fr/sites/default/files/2018-03/054_ac_2016_dm3_2016_def.pdf]
[www.eivp-paris.fr/sites/default/files/2018-03/055_ab_2016_bp_2017.pdf]
[www.eivp-paris.fr/sites/default/files/2018-03/056_ab_2016_tarifs_scolarite.pdf]
[www.eivp-paris.fr/sites/default/files/2018-03/057_ab_2016_creation_de_urbantic_espagne.pdf]
[www.eivp-paris.fr/sites/default/files/2018-03/058_ab_2016_subv_bda.pdf]
[www.eivp-paris.fr/sites/default/files/2018-03/059_ab_2016_convention_urbantic_espagne.pdf]
[www.eivp-paris.fr/sites/default/files/2018-03/060_ab_2016_convention_afnor.pdf]
[www.eivp-paris.fr/sites/default/files/2018-03/061_ab_2016_convention_starting_block_et_gusf.pdf]
[www.eivp-paris.fr/sites/default/files/2018-03/062_ab_2016_avenant_convention_pfc_ue_2016.pdf]
[www.eivp-paris.fr/sites/default/files/2018-03/063_ab_2016_cooperation_algerie.pdf]
[www.eivp-paris.fr/sites/default/files/2018-03/cr_ca_24.11.2016.pdf]
[www.eivp-paris.fr/conseil-dadministration-du-24112016.html]
[www.eivp-paris.fr/sites/default/files/2018-03/039_ab_2016_reglement_interieur_campus.pdf]
[www.eivp-paris.fr/sites/default/files/2018-03/040_ad_2016_production_d_un_logiciel.pdf]
[www.eivp-paris.fr/sites/default/files/2018-03/041_ad_2016_suivi_budget_emplois.pdf]
[www.eivp-paris.fr/sites/default/files/2018-03/042_ab_2016_collecte_ta_2016_corrige.pdf]
[www.eivp-paris.fr/sites/default/files/2018-03/043_ac_2016_dm2_2016_corrige.pdf]
[www.eivp-paris.fr/sites/default/files/2018-03/044_ab_2016_dob_2017.pdf]
[www.eivp-paris.fr/sites/default/files/2018-03/045_ab_2016_bilan_ue_2016.pdf]
[www.eivp-paris.fr/sites/default/files/2018-03/046_ab_2016_bilan_de_la_rentree_2016.pdf]
[www.eivp-paris.fr/sites/default/files/2018-03/047_ab_2016_places_concours_2017.pdf]
[www.eivp-paris.fr/sites/default/files/2018-03/048_ab_2016_programme_de_titularisation.pdf]
[www.eivp-paris.fr/sites/default/files/2018-03/049_ab_2016_adhesion_campus_france.pdf]
[www.eivp-paris.fr/sites/default/files/2018-03/cr_ca_20.10.2016.pdf]
[www.eivp-paris.fr/conseil-dadministration-du-20102016.html]
[www.eivp-paris.fr/sites/default/files/2018-03/024_ac_2016_bilan_2015_du_com_2013_2016.pdf]
[www.eivp-paris.fr/sites/default/files/2018-03/025_ad_2016_suivi_budget_emplois.pdf]
[www.eivp-paris.fr/sites/default/files/2018-03/026_ac_2016_dm1_2016_corrige.pdf]
[www.eivp-paris.fr/sites/default/files/2018-03/027_ab_2016_tarifs_centre_de_documentation.pdf]
[www.eivp-paris.fr/sites/default/files/2018-03/028_ab_2016_politique_d_achats.pdf]
[www.eivp-paris.fr/sites/default/files/2018-03/029_ab_2016_modalites_de_passation_des_marches.pdf]
[www.eivp-paris.fr/sites/default/files/2018-03/030_ab_2016_communication_sur_la_vie_etudiante.pdf]
[www.eivp-paris.fr/sites/default/files/2018-03/031_ab_2016_reglement_scolarite_2016.pdf]
[www.eivp-paris.fr/sites/default/files/2018-03/032_ab_2016_relations_internationales.pdf]
[www.eivp-paris.fr/sites/default/files/2018-03/033_ab_2016_avenant_licence_pro.pdf]
[www.eivp-paris.fr/sites/default/files/2018-03/034_ab_2016_convention_etudes_urbaines.pdf]
[www.eivp-paris.fr/sites/default/files/2018-03/035_ab_2016_convention_medde_concours.pdf]
[www.eivp-paris.fr/sites/default/files/2018-03/036_ab_2016_convention_de_partenariat_construction_21.pdf]
[www.eivp-paris.fr/sites/default/files/2018-03/037_ab_2016_convention_immojeunes.pdf]
[www.eivp-paris.fr/sites/default/files/2018-03/038_ac_2016_convention_val_fourre_v2.pdf]
[www.eivp-paris.fr/sites/default/files/2018-03/cr_ca_02.06.2016.pdf]
[www.eivp-paris.fr/conseil-dadministration-du-02062016.html]
[www.eivp-paris.fr/sites/default/files/2018-03/001_ab_2016_bilan_social_2015.pdf]
[www.eivp-paris.fr/sites/default/files/2018-03/002_ab_2016_convention_association_comue.pdf]
[www.eivp-paris.fr/sites/default/files/2018-03/003_ab_2016_convention_association_enpc.pdf]
[www.eivp-paris.fr/sites/default/files/2018-03/004_ab_2016_compte_de_gestion_2015_corrige.pdf]
[www.eivp-paris.fr/sites/default/files/2018-03/004_ab_2016_compte_de_gestion_2015.pdf]
[www.eivp-paris.fr/sites/default/files/2018-03/005_ac_2016_compte_administratif_2015_corrige.pdf]
[www.eivp-paris.fr/sites/default/files/2018-03/005_ac_2016_compte_administratif_2015.pdf]
[www.eivp-paris.fr/sites/default/files/2018-03/006_ab_2016_affectation_des_resultats_2015.pdf]
[www.eivp-paris.fr/sites/default/files/2018-03/007_ac_2016_bs_2016.pdf]
[www.eivp-paris.fr/sites/default/files/2018-03/008_ad_2016_suivi_budget_emplois.pdf]
[www.eivp-paris.fr/sites/default/files/2018-03/009_ab_2016_tarifs_scolarite.pdf]
[www.eivp-paris.fr/sites/default/files/2018-03/010_ac_2016_tarifs_ue_2016.pdf]
[www.eivp-paris.fr/sites/default/files/2018-03/011_ab_2016_convention_laburba.pdf]
[www.eivp-paris.fr/sites/default/files/2018-03/012_ab_2016_encadrement_d_un_doctorant.pdf]
[www.eivp-paris.fr/sites/default/files/2018-03/013_ab_2016_accord_de_consortium_resccue.pdf]
[www.eivp-paris.fr/sites/default/files/2018-03/014_ab_2016_convention_cifre_cochery.pdf]
[www.eivp-paris.fr/sites/default/files/2018-03/015_ab_2016_convention_btp_service.pdf]
[www.eivp-paris.fr/sites/default/files/2018-03/016_ab_2016_convention_vtif.pdf]
[www.eivp-paris.fr/sites/default/files/2018-03/017_ab_2015_convention_pfc_ue_2015.pdf]
[www.eivp-paris.fr/sites/default/files/2018-03/018_ab_2016_convention_bellastock.pdf]
[www.eivp-paris.fr/sites/default/files/2018-03/019_ab_2016_convention_multiposting_corrige.pdf]
[www.eivp-paris.fr/sites/default/files/2018-03/020_ab_2016_convention_agro_medecine_preventive.pdf]
[www.eivp-paris.fr/sites/default/files/2018-03/021_ab_2016_conditions_nomination_directeur.pdf]
[www.eivp-paris.fr/sites/default/files/2018-03/022_ab_2016_remuneration_des_vacataires_simplifie.pdf]
[www.eivp-paris.fr/sites/default/files/2018-03/023_ab_2016_reseaux_et_associations.pdf]
[www.eivp-paris.fr/sites/default/files/2018-03/cr_ca_16.03.2016.pdf]
[www.eivp-paris.fr/sites/default/files/2018-03/odj_ca_16.03.2016.pdf]
[www.eivp-paris.fr/conseil-dadministration-du-16032016.html]
[www.eivp-paris.fr/sites/default/files/2018-03/deliberation2015_065.pdf]
[www.eivp-paris.fr/sites/default/files/2018-03/deliberation2015_066.pdf]
[www.eivp-paris.fr/sites/default/files/2018-03/deliberation2015_067.pdf]
[www.eivp-paris.fr/sites/default/files/2018-03/deliberation2015_068_0.pdf]
[www.eivp-paris.fr/sites/default/files/2018-03/deliberation2015_069.pdf]
[www.eivp-paris.fr/sites/default/files/2018-03/deliberation2015_070.pdf]
[www.eivp-paris.fr/sites/default/files/2018-03/deliberation2015_071.pdf]
[www.eivp-paris.fr/sites/default/files/2018-03/deliberation2015_072.pdf]
[www.eivp-paris.fr/sites/default/files/2018-03/deliberation2015_073.pdf]
[www.eivp-paris.fr/sites/default/files/2018-03/deliberation2015_074.pdf]
[www.eivp-paris.fr/sites/default/files/2018-03/deliberation2015_075.pdf]
[www.eivp-paris.fr/sites/default/files/2018-03/deliberation2015_076.pdf]
[www.eivp-paris.fr/sites/default/files/2018-03/deliberation2015_077.pdf]
[www.eivp-paris.fr/sites/default/files/2018-03/deliberation2015_078.pdf]
[www.eivp-paris.fr/sites/default/files/2018-03/deliberation2015_079.pdf]
[www.eivp-paris.fr/sites/default/files/2018-03/deliberation2015_080.pdf]
[www.eivp-paris.fr/sites/default/files/2018-03/deliberation2015_081.pdf]
[www.eivp-paris.fr/sites/default/files/2018-03/deliberation2015_082.pdf]
[www.eivp-paris.fr/sites/default/files/2018-03/cr_ca_02.12.2015.pdf]
[www.eivp-paris.fr/conseil-dadministration-du-02122015.html]
[www.eivp-paris.fr/sites/default/files/2018-03/deliberation2015_045.pdf]
[www.eivp-paris.fr/sites/default/files/2018-03/deliberation2015_046.pdf]
[www.eivp-paris.fr/sites/default/files/2018-03/deliberation2015_047.pdf]
[www.eivp-paris.fr/sites/default/files/2018-03/deliberation2015_048.pdf]
[www.eivp-paris.fr/sites/default/files/2018-03/deliberation2015_049.pdf]
[www.eivp-paris.fr/sites/default/files/2018-03/deliberation2015_050.pdf]
[www.eivp-paris.fr/sites/default/files/2018-03/deliberation2015_051.pdf]
[www.eivp-paris.fr/sites/default/files/2018-03/deliberation2015_052.pdf]
[www.eivp-paris.fr/sites/default/files/2018-03/deliberation2015_053.pdf]
[www.eivp-paris.fr/sites/default/files/2018-03/deliberation2015_054.pdf]
[www.eivp-paris.fr/sites/default/files/2018-03/deliberation2015_055.pdf]
[www.eivp-paris.fr/sites/default/files/2018-03/deliberation2015_056.pdf]
[www.eivp-paris.fr/sites/default/files/2018-03/deliberation2015_057.pdf]
[www.eivp-paris.fr/sites/default/files/2018-03/deliberation2015_058.pdf]
[www.eivp-paris.fr/sites/default/files/2018-03/deliberation2015_059.pdf]
[www.eivp-paris.fr/sites/default/files/2018-03/deliberation2015_060.pdf]
[www.eivp-paris.fr/sites/default/files/2018-03/deliberation2015_061.pdf]
[www.eivp-paris.fr/sites/default/files/2018-03/deliberation2015_062.pdf]
[www.eivp-paris.fr/sites/default/files/2018-03/deliberation2015_063.pdf]
[www.eivp-paris.fr/sites/default/files/2018-03/cr_ca_07.10.2015.pdf]
[www.eivp-paris.fr/sites/default/files/2018-03/odj_ca_07.10.2015.pdf]
[www.eivp-paris.fr/conseil-dadministration-du-07102015.html]
[www.eivp-paris.fr/sites/default/files/2018-03/deliberation_2015_023.pdf]
[www.eivp-paris.fr/sites/default/files/2018-03/deliberation_2015_024.pdf]
[www.eivp-paris.fr/sites/default/files/2018-03/deliberation_2015_025.pdf]
[www.eivp-paris.fr/sites/default/files/2018-03/deliberation_2015_026.pdf]
[www.eivp-paris.fr/sites/default/files/2018-03/deliberation_2015_027.pdf]
[www.eivp-paris.fr/sites/default/files/2018-03/deliberation_2015_028.pdf]
[www.eivp-paris.fr/sites/default/files/2018-03/deliberation_2015_029.pdf]
[www.eivp-paris.fr/sites/default/files/2018-03/deliberation_2015_030.pdf]
[www.eivp-paris.fr/sites/default/files/2018-03/deliberation_2015_031.pdf]
[www.eivp-paris.fr/sites/default/files/2018-03/deliberation_2015_032.pdf]
[www.eivp-paris.fr/sites/default/files/2018-03/deliberation_2015_033.pdf]
[www.eivp-paris.fr/sites/default/files/2018-03/deliberation_2015_034.pdf]
[www.eivp-paris.fr/sites/default/files/2018-03/deliberation_2015_035.pdf]
[www.eivp-paris.fr/sites/default/files/2018-03/deliberation_2015_036.pdf]
[www.eivp-paris.fr/sites/default/files/2018-03/deliberation_2015_037.pdf]
[www.eivp-paris.fr/sites/default/files/2018-03/deliberation_2015_038.pdf]
[www.eivp-paris.fr/sites/default/files/2018-03/deliberation_2015_039.pdf]
[www.eivp-paris.fr/sites/default/files/2018-03/deliberation_2015_040.pdf]
[www.eivp-paris.fr/sites/default/files/2018-03/deliberation_2015_041.pdf]
[www.eivp-paris.fr/sites/default/files/2018-03/deliberation_2015_042.pdf]
[www.eivp-paris.fr/sites/default/files/2018-03/deliberation_2015_043.pdf]
[www.eivp-paris.fr/sites/default/files/2018-03/deliberation_2015_044.pdf]
[www.eivp-paris.fr/sites/default/files/2018-03/cr_du_ca_du_16.06.2015.pdf]
[www.eivp-paris.fr/conseil-dadministration-du-16062015.html]
[www.eivp-paris.fr/sites/default/files/2018-03/deliberation_2015_016.pdf]
[www.eivp-paris.fr/sites/default/files/2018-03/deliberation_2015_017.pdf]
[www.eivp-paris.fr/sites/default/files/2018-03/deliberation_2015_018.pdf]
[www.eivp-paris.fr/sites/default/files/2018-03/deliberation_2015_019.pdf]
[www.eivp-paris.fr/sites/default/files/2018-03/deliberation_2015_020.pdf]
[www.eivp-paris.fr/sites/default/files/2018-03/deliberation_2015_021.pdf]
[www.eivp-paris.fr/sites/default/files/2018-03/deliberation_2015_022.pdf]
[www.eivp-paris.fr/sites/default/files/2018-03/cr_ca_17.04.2015.pdf]
[www.eivp-paris.fr/conseil-dadministration-du-17042015.html]
[www.eivp-paris.fr/sites/default/files/2018-03/deliberation_2015_001.pdf]
[www.eivp-paris.fr/sites/default/files/2018-03/deliberation_2015_002.pdf]
[www.eivp-paris.fr/sites/default/files/2018-03/deliberation_2015_003.pdf]
[www.eivp-paris.fr/sites/default/files/2018-03/deliberation_2015_004.pdf]
[www.eivp-paris.fr/sites/default/files/2018-03/deliberation_2015_005.pdf]
[www.eivp-paris.fr/sites/default/files/2018-03/deliberation_2015_006.pdf]
[www.eivp-paris.fr/sites/default/files/2018-03/deliberation_2015_007.pdf]
[www.eivp-paris.fr/sites/default/files/2018-03/deliberation_2015_008.pdf]
[www.eivp-paris.fr/sites/default/files/2018-03/deliberation_2015_009.pdf]
[www.eivp-paris.fr/sites/default/files/2018-03/deliberation_2015_010.pdf]
[www.eivp-paris.fr/sites/default/files/2018-03/deliberation_2015_011.pdf]
[www.eivp-paris.fr/sites/default/files/2018-03/deliberation_2015_012.pdf]
[www.eivp-paris.fr/sites/default/files/2018-03/deliberation_2015_013.pdf]
[www.eivp-paris.fr/sites/default/files/2018-03/deliberation_2015_014.pdf]
[www.eivp-paris.fr/sites/default/files/2018-03/deliberation_2015_015.pdf]
[www.eivp-paris.fr/sites/default/files/2018-03/cr_ca_du_23.02.2015.pdf]
[www.eivp-paris.fr/conseil-dadministration-du-23022015.html]
[www.eivp-paris.fr/sites/default/files/2018-04/2014_052.pdf]
[www.eivp-paris.fr/sites/default/files/2018-04/2014_053.pdf]
[www.eivp-paris.fr/sites/default/files/2018-04/2014_054.pdf]
[www.eivp-paris.fr/sites/default/files/2018-04/2014_055.pdf]
[www.eivp-paris.fr/sites/default/files/2018-04/2014_056.pdf]
[www.eivp-paris.fr/sites/default/files/2018-04/2014_057.pdf]
[www.eivp-paris.fr/sites/default/files/2018-04/2014_058.pdf]
[www.eivp-paris.fr/sites/default/files/2018-04/2014_059.pdf]
[www.eivp-paris.fr/sites/default/files/2018-04/2014_060.pdf]
[www.eivp-paris.fr/sites/default/files/2018-04/2014_061.pdf]
[www.eivp-paris.fr/sites/default/files/2018-04/2014_062.pdf]
[www.eivp-paris.fr/sites/default/files/2018-04/2014_063.pdf]
[www.eivp-paris.fr/sites/default/files/2018-04/2014_064.pdf]
[www.eivp-paris.fr/sites/default/files/2018-04/2014_065.pdf]
[www.eivp-paris.fr/sites/default/files/2018-04/2014_066.pdf]
[www.eivp-paris.fr/sites/default/files/2018-04/2014_067.pdf]
[www.eivp-paris.fr/sites/default/files/2018-04/2014_068.pdf]
[www.eivp-paris.fr/sites/default/files/2018-04/2014_069.pdf]
[www.eivp-paris.fr/sites/default/files/2018-04/2014_070.pdf]
[www.eivp-paris.fr/sites/default/files/2018-04/cr_du_ca_du_10.12.14.pdf]
[www.eivp-paris.fr/conseil-dadministration-du-10122014.html]
[www.eivp-paris.fr/sites/default/files/2018-04/deliberation_2014-032.pdf]
[www.eivp-paris.fr/sites/default/files/2018-04/deliberation_2014-033.pdf]
[www.eivp-paris.fr/sites/default/files/2018-04/deliberation_2014-034.pdf]
[www.eivp-paris.fr/sites/default/files/2018-04/deliberation_2014-035.pdf]
[www.eivp-paris.fr/sites/default/files/2018-04/deliberation_2014-036.pdf]
[www.eivp-paris.fr/sites/default/files/2018-04/deliberation_2014-037.pdf]
[www.eivp-paris.fr/sites/default/files/2018-04/deliberation_2014-038.pdf]
[www.eivp-paris.fr/sites/default/files/2018-04/deliberation_2014-039.pdf]
[www.eivp-paris.fr/sites/default/files/2018-04/deliberation_2014-040.pdf]
[www.eivp-paris.fr/sites/default/files/2018-04/deliberation_2014-041.pdf]
[www.eivp-paris.fr/sites/default/files/2018-04/deliberation_2014-042.pdf]
[www.eivp-paris.fr/sites/default/files/2018-04/deliberation_2014-043.pdf]
[www.eivp-paris.fr/sites/default/files/2018-04/deliberation_2014-044.pdf]
[www.eivp-paris.fr/sites/default/files/2018-04/deliberation_2014-045.pdf]
[www.eivp-paris.fr/sites/default/files/2018-04/deliberation_2014-046.pdf]
[www.eivp-paris.fr/sites/default/files/2018-04/deliberation_2014-047.pdf]
[www.eivp-paris.fr/sites/default/files/2018-04/deliberation_2014-048.pdf]
[www.eivp-paris.fr/sites/default/files/2018-04/deliberation_2014-049.pdf]
[www.eivp-paris.fr/sites/default/files/2018-04/deliberation_2014-050.pdf]
[www.eivp-paris.fr/sites/default/files/2018-04/deliberation_2014-051.pdf]
[www.eivp-paris.fr/sites/default/files/2018-04/cr_ca_15.10.2014.pdf]
[www.eivp-paris.fr/conseil-dadministration-du-15102014.html]
[www.eivp-paris.fr/sites/default/files/2018-04/deliberation_2014-018.pdf]
[www.eivp-paris.fr/sites/default/files/2018-04/deliberation_2014-019.pdf]
[www.eivp-paris.fr/sites/default/files/2018-04/deliberation_2014-020.pdf]
[www.eivp-paris.fr/sites/default/files/2018-04/deliberation_2014-021.pdf]
[www.eivp-paris.fr/sites/default/files/2018-04/deliberation_2014-022.pdf]
[www.eivp-paris.fr/sites/default/files/2018-04/deliberation_2014-023.pdf]
[www.eivp-paris.fr/sites/default/files/2018-04/deliberation_2014-024.pdf]
[www.eivp-paris.fr/sites/default/files/2018-04/deliberation_2014-025.pdf]
[www.eivp-paris.fr/sites/default/files/2018-04/deliberation_2014-026.pdf]
[www.eivp-paris.fr/sites/default/files/2018-04/deliberation_2014-027.pdf]
[www.eivp-paris.fr/sites/default/files/2018-04/deliberation_2014-028.pdf]
[www.eivp-paris.fr/sites/default/files/2018-04/deliberation_2014-029.pdf]
[www.eivp-paris.fr/sites/default/files/2018-04/deliberation_2014-030.pdf]
[www.eivp-paris.fr/sites/default/files/2018-04/deliberation_2014-031.pdf]
[www.eivp-paris.fr/sites/default/files/2018-04/cr_ca_2_juin_2014.pdf]
[www.eivp-paris.fr/conseil-dadministration-du-26062014.html]
[www.eivp-paris.fr/sites/default/files/2018-04/odj_seance_26_juin_2014.pdf]
[www.eivp-paris.fr/sites/default/files/2018-04/deliberation_2014-014.pdf]
[www.eivp-paris.fr/sites/default/files/2018-04/deliberation_2014-015.pdf]
[www.eivp-paris.fr/sites/default/files/2018-04/deliberation_2014-016.pdf]
[www.eivp-paris.fr/sites/default/files/2018-04/deliberation_2014-017.pdf]
[www.eivp-paris.fr/sites/default/files/2018-04/cr_ca_2_juin_2014_0.pdf]
[www.eivp-paris.fr/sites/default/files/2018-04/odj_de_la_seance_du_02_juin_2014.pdf]
[www.eivp-paris.fr/conseil-dadministration-du-02062014.html]
[www.eivp-paris.fr/sites/default/files/css/css_Q763cgvAe-iUGMX3IaieOShBTPOO3oVP9ME8gEbGlnE.css]
[www.eivp-paris.fr/sites/default/files/css/css_tres_lsKllBesfC2kWe74XZRl1JlcwAxhIiXZjYqXpg.css]
[www.eivp-paris.fr/sites/default/files/styles/max_325x325/public/2025-12/Photo EIVP_06e3b.png]
[www.eivp-paris.fr/actualites/rejoignez-lecole-des-ingenieurs-de-la-ville-de-paris-4-postes-denseignants-chercheurs.html]
[www.eivp-paris.fr/actualitesc273.html]
[www.eivp-paris.fr/actualites/classement-de-shanghai-1ere-place-en-france-de-luniversite-gustave-eiffel-pour-les.html]
[www.eivp-paris.fr/sites/default/files/styles/max_325x325/public/2025-11/2025 GRAS of Gustave Eiffel University1c99.png]
[www.eivp-paris.fr/actualites/lecole-des-ingenieurs-de-la-ville-de-paris-obtient-le-label-developpement-durable-et.html]
[www.eivp-paris.fr/sites/default/files/styles/max_325x325/public/2025-10/DDRS_368ff.jpg]
[www.eivp-paris.fr/actualitesdfb7.html]
[www.eivp-paris.fr/actualites/prevenir-les-violences-sexistes-et-sexuelles-une-sensibilisation-theatrale-leivp.html]
[www.eivp-paris.fr/sites/default/files/styles/max_325x325/public/2025-09/Photo théâtre VSS EIVP 2025_0ef3c.jpg]
[www.eivp-paris.fr/actualites/urbanivore-la-carte-interactive-qui-revele-les-arbres-fruitiers-de-nos-villes.html]
[www.eivp-paris.fr/sites/default/files/styles/max_325x325/public/2025-09/Vignette urbanivorecf13.jpg]
[www.eivp-paris.fr/actualites/enquete-cge-2025-tres-bonne-insertion-professionnelle-des-ingenieures-eivp.html]
[www.eivp-paris.fr/sites/default/files/styles/max_325x325/public/2025-07/Photo 1 EIVP Eurovia 2024bf0d.jpg]
[www.eivp-paris.fr/actualites5936.html]
[www.eivp-paris.fr/actualites/trois-eleves-de-leivp-au-jury-etudiant-des-green-solutions-awards-2025.html]
[www.eivp-paris.fr/actualites/felicitations-nos-eleves-marathoniens.html]
[www.eivp-paris.fr/sites/default/files/styles/max_325x325/public/2025-05/Photo groupe marathon Paris 2025 V3_0a646.jpg]
[www.eivp-paris.fr/actualites/retour-sur-ledition-2025-de-la-semaine-innovation-entrepreneuriat-de-leivp.html]
[www.eivp-paris.fr/sites/default/files/styles/max_325x325/public/2025-04/1 semaine innovation 2025_0c9e4.jpg]
[www.eivp-paris.fr/actualites/gtm-batiment-et-leivp-signent-une-convention-de-partenariat-pour-renforcer-les-liens.html]
[www.eivp-paris.fr/sites/default/files/styles/max_325x325/public/2025-03/Photo 1 EIVP GTM Bâtiment 14.03.20250d08.jpg]
[www.eivp-paris.fr/actualites/decouvrez-linitiative-porte-parole-des-femmes-leivp.html]
[www.eivp-paris.fr/sites/default/files/styles/max_325x325/public/2025-03/Photo affiches 8 mars 2025 V2_109f9.jpg]
[www.eivp-paris.fr/actualites/les-eleves-de-leivp-et-les-experts-veolia-sallient-pour-imaginer-des-solutions.html]
[www.eivp-paris.fr/sites/default/files/styles/max_325x325/public/2025-03/Photo 1 signature EIVP Veolia 6 mars 20256073.jpg]
[www.eivp-paris.fr/actualites/cap-en-sup-lecole-des-ingenieurs-de-la-ville-de-paris-un-soutien-collectif-pour-legalite.html]
[www.eivp-paris.fr/sites/default/files/styles/max_325x325/public/2025-03/Visuel Cap en Sup 2025d865.jpg]
[www.eivp-paris.fr/actualites2c79.html]
[www.eivp-paris.fr/actualites/revivez-en-video-la-finale-du-concours-deloquence-2024-de-leivp.html]
[www.eivp-paris.fr/sites/default/files/styles/max_325x325/public/2024-12/photo_post_2_concours_eloquence_eivpe83f.jpg]
[www.eivp-paris.fr/actualites/retour-sur-la-rentree-a-l-eivp-une-integration-orientee-enjeux-climatiques.html]
[www.eivp-paris.fr/sites/default/files/styles/max_325x325/public/2024-11/Post rentrée EIVP 2024 photo 2b21f.jpg]
[www.eivp-paris.fr/actualites337a.html]
[www.eivp-paris.fr/sites/default/files/styles/max_325x325/public/2024-11/Rectangle EIVP 4e ChangeNOW Les Échos START écologiea1e9.jpg]
[www.eivp-paris.fr/sites/default/files/styles/max_325x325/public/2024-11/WUF EIVP 2024 articleab6b.jpg]
[www.eivp-paris.fr/actualites1f28.html]
[www.eivp-paris.fr/actualites/week-end-trail-et-randonnee-dans-les-vosges.html]
[www.eivp-paris.fr/sites/default/files/styles/max_325x325/public/2024-10/Week-end trail octobre 2024 photo 1eeff.jpg]
[www.eivp-paris.fr/actualites0ad8.html]
[www.eivp-paris.fr/actualites/rdv-le-17-octobre-pour-linauguration-du-centre-de-ressources-des-savoirs-urbains.html]
[www.eivp-paris.fr/sites/default/files/styles/max_325x325/public/2024-10/Photo Centre de ressources 2024_08f82.jpg]
[www.eivp-paris.fr/actualites869b.html]
[www.eivp-paris.fr/actualites/participez-letude-sur-les-consequences-des-inondations-de-2016-et-2018-en-ile-de-france.html]
[www.eivp-paris.fr/actualites/decouvrez-les-laureats-de-leuropean-hackathon-2024.html]
[www.eivp-paris.fr/sites/default/files/styles/max_325x325/public/2024-06/illustration_1_european_hacktathon_2024be71.jpg]
[www.eivp-paris.fr/actualites/luniversite-gustave-eiffel-est-classee-parmi-les-meilleurs-etablissements.html]
[www.eivp-paris.fr/sites/default/files/styles/max_325x325/public/2024-05/Visuel article UGE CWUR 2024_01e8d.jpg]
[www.eivp-paris.fr/actualites/le-centre-de-ressources-de-leivp-se-reinvente.html]
[www.eivp-paris.fr/sites/default/files/styles/max_325x325/public/2024-05/Photo 1 centre de documentation EIVP V2_24d56.jpg]
[www.eivp-paris.fr/actualites/leivp-reaffirme-son-engagement-en-faveur-de-la-feminisation-de-lingenierie.html]
[www.eivp-paris.fr/sites/default/files/styles/max_325x325/public/2024-03/Visuel top actu 8 mars 2024f5ac.jpg]
[www.eivp-paris.fr/actualites9d6b.html]
[www.eivp-paris.fr/sites/default/files/styles/max_325x325/public/2024-02/Photo restitution semaine innovation 20244b7c.jpg]
[www.eivp-paris.fr/actualites/les-eleves-de-leivp-et-veolia-imaginent-des-solutions-pour-des-villes.html]
[www.eivp-paris.fr/sites/default/files/styles/max_325x325/public/2024-02/Photo 1 semaine innovation 2023_271eb.jpg]
[www.eivp-paris.fr/actualites/leivp-agit-en-faveur-de-legalite-professionnelle-entre-les-femmes-et-les-hommes.html]
[www.eivp-paris.fr/sites/default/files/styles/max_325x325/public/2024-01/Photo atelier négociation salariale 17.01.24260e.jpg]
[www.eivp-paris.fr/actualites/leivp-confirme-sa-progression-dans-le-classement-de-letudiant-2024.html]
[www.eivp-paris.fr/sites/default/files/styles/max_325x325/public/2024-01/EIVP l'Étudiant 2024_04de3.jpg]
[www.eivp-paris.fr/actualites/meilleurs-voeux-pour-2024.html]
[www.eivp-paris.fr/sites/default/files/styles/max_325x325/public/2024-01/Visuel voeux 2024 EIVP1b95.jpg]
[www.eivp-paris.fr/sites/default/files/styles/max_325x325/public/2023-11/Visuel EIVP 5e ChangeNOW 20232280.jpg]
[www.eivp-paris.fr/actualites3deb.html]
[www.eivp-paris.fr/actualitesf5b2.html]
[www.eivp-paris.fr/actualites/cest-la-semaine-europeenne-du-developpement-durable.html]
[www.eivp-paris.fr/sites/default/files/styles/max_325x325/public/2023-09/Elèves jardin EIVPe3ef.jpg]
[www.eivp-paris.fr/sites/default/files/styles/max_325x325/public/2023-09/4e pageccc3.jpg]
[www.eivp-paris.fr/actualites6492.html]
[www.eivp-paris.fr/actualites/lannee-scolaire-2023-2024-est-lancee-leivp.html]
[www.eivp-paris.fr/sites/default/files/styles/max_325x325/public/2023-09/Photo 2 EIVP rentrée 2023401e.jpg]
[www.eivp-paris.fr/actualites/enquete-cge-2023-excellente-insertion-professionnelle-de-nos-ingenieures-eivp.html]
[www.eivp-paris.fr/sites/default/files/styles/max_325x325/public/2023-06/thumbnail_visuel_insertion_pro_eivp_13be8.jpg]
[www.eivp-paris.fr/sites/default/files/styles/max_325x325/public/2023-06/Photo 1 convention Egis 7 juin 2023_197b9.jpg]
[www.eivp-paris.fr/actualites/ce-5-juin-2023-est-le-cinquantieme-anniversaire-de-la-journee-mondiale-de-lenvironnement.html]
[www.eivp-paris.fr/sites/default/files/styles/max_325x325/public/2023-06/Illustration 1 actu 5 juin 202323f2.jpg]
[www.eivp-paris.fr/actualitese77d.html]
[www.eivp-paris.fr/actualitese486.html]
[www.eivp-paris.fr/sites/default/files/styles/max_325x325/public/2023-05/Visuel EIVP et Veolia CP mai 2023_03f76.jpg]
[www.eivp-paris.fr/sites/default/files/styles/max_325x325/public/2023-05/Convention RIVP EIVP 20236907.jpg]
[www.eivp-paris.fr/actualites/devenez-ingenieure-en-genie-urbain-par-lapprentissage.html]
[www.eivp-paris.fr/sites/default/files/styles/max_325x325/public/2023-04/Actu EIVP apprentissage8928.jpg]
[www.eivp-paris.fr/actualites/felicitations-a-nos-eleves-marathoniens.html]
[www.eivp-paris.fr/sites/default/files/styles/max_325x325/public/2023-04/Marathon de Paris 2023 EIVPb7bb.jpg]
[www.eivp-paris.fr/actualites/leivp-dans-le-le-top-20-des-ecoles-dingenieurs-ou-il-fait-bon-etudier.html]
[www.eivp-paris.fr/sites/default/files/styles/max_325x325/public/2023-03/Classement Best School Experience 2023_écoles d'ingénieurs (002)30f2.png]
[www.eivp-paris.fr/actualites/leivp-grande-ecole-engagee-dans-la-feminisation-de-lingenierie.html]
[www.eivp-paris.fr/sites/default/files/styles/max_325x325/public/2023-03/RS EIVP 8 mars 2023_00132.jpg]
[www.eivp-paris.fr/actualitesa26e.html]
[www.eivp-paris.fr/actualites6258.html]
[www.eivp-paris.fr/actualites/classement-letudiant-leivp-est-49-e.html]
[www.eivp-paris.fr/sites/default/files/styles/max_325x325/public/2023-02/Visuels RS EIVP (1)7c64.jpg]
[www.eivp-paris.fr/actualites/vers-une-anthropologie-de-la-rse-parution-de-louvrage-deric-gautier.html]
[www.eivp-paris.fr/sites/default/files/styles/max_325x325/public/2023-01/Capture_0ff45.png]
[www.eivp-paris.fr/sites/default/files/styles/max_325x325/public/2023-01/Semaine Entreprenariat EIVP Veolia 2176d.jpg]
[www.eivp-paris.fr/actualites/leivp-accueille-un-cycle-de-conferences-concevoir-en-temps-durgence-climatique.html]
[www.eivp-paris.fr/sites/default/files/styles/max_325x325/public/2022-12/Affiche conférences urgence climatique3205.jpg]
[www.eivp-paris.fr/sites/default/files/styles/max_325x325/public/2022-11/CLASSEMENT_INDIVIDUEL (10)c382.png]
[www.eivp-paris.fr/actualitesd87b.html]
[www.eivp-paris.fr/actualites0711.html]
[www.eivp-paris.fr/actualites/signature-dun-mou-avec-le-water-institute-gulf-de-baton-rouge.html]
[www.eivp-paris.fr/sites/default/files/styles/max_325x325/public/2018-09/MOU-EIVP-Water-Institute-Louisianna-20187b54.png]
[www.eivp-paris.fr/actualitesa595.html]
[www.eivp-paris.fr/actualites/ilot-de-chaleur-un-enjeu-dadaptation-au-changement-climatique-un-dossier-construction-21.html]
[www.eivp-paris.fr/sites/default/files/styles/max_325x325/public/2018-07/tribu-oasis1a73f.jpg]
[www.eivp-paris.fr/actualites/laccreditation-cti-de-leivp-renouvelee-pour-5-ans-la-periode-maximale.html]
[www.eivp-paris.fr/sites/default/files/styles/max_325x325/public/2018-04/Drapeaux5183.jpg]
[www.eivp-paris.fr/actualites/2-eleves-ingenieurs-eivp-etaient-en-live-sur-campus-channel.html]
[www.eivp-paris.fr/sites/default/files/styles/max_325x325/public/2020-07/Capture d’écran 2020-07-08 à 11.36.16d9d2.png]
[www.eivp-paris.fr/actualites/d-praug-nouveau-diplome-de-programmation-dans-le-journal-le-monde.html]
[www.eivp-paris.fr/sites/default/files/styles/max_325x325/public/2018-04/LeMonde-DPRAUG-Genie-Urbain-2_0189c.jpg]
[www.eivp-paris.fr/actualitesa25b.html]
[www.eivp-paris.fr/actualitescb2a.html]
[www.eivp-paris.fr/actualites68e0.html]
[www.eivp-paris.fr/actualites9ef6.html]
[www.eivp-paris.fr/actualites9275.html]
[www.eivp-paris.fr/actualites65fe.html]
[www.eivp-paris.fr/actualitesf906.html]
[www.eivp-paris.fr/actualitesfdb5.html]
[www.eivp-paris.fr/sites/default/files/css/css_rkDLw2VnEcqiIgCzkfdYjYUEAl42KWOaRcHqTg-vPag.css]
[www.eivp-paris.fr/actualites0259.html]
[www.eivp-paris.fr/actualites/accord-de-grenoble-leivp-renforce-son-engagement-pour-un-avenir-soutenable.html]
[www.eivp-paris.fr/sites/default/files/styles/max_325x325/public/2023-09/4e page_015ed.jpg]
[www.eivp-paris.fr/sites/default/files/styles/max_325x325/public/2021-09/rentrée 2021- charte événements - texte3908.jpg]
[www.eivp-paris.fr/sites/default/files/2021-08/026 AC 2021 charte événements festifs.pdf]
[www.eivp-paris.fr/actualites/rentree-2021-leivp-et-le-bureau-des-eleves-signent-la-charte-des-evenements-festifs.html]
[www.eivp-paris.fr/sites/default/files/2026-03/VILLE DE PARIS - Arrêté d'ouverture 2026.pdf]
[www.eivp-paris.fr/sites/default/files/2026-03/VILLE DE PARIS - Arrêté jury 2026.pdf]
[www.eivp-paris.fr/sites/default/files/2026-03/CONCOURS INTERNE - Brochure 2026.pdf]
[www.eivp-paris.fr/sites/default/files/2026-03/2026-Concours interne_Dossier d'inscription.pdf]
[www.eivp-paris.fr/sites/default/files/2026-06/EIVP_Admis-interne-2026-06-26_172355.pdf]
[www.eivp-paris.fr/sites/default/files/2026-06/Liste d'admissibilité 2026.pdf]
[www.eivp-paris.fr/sites/default/files/2026-03/Note de synthèse 2025.pdf]
[www.eivp-paris.fr/sites/default/files/2026-03/MATHEMATIQUES.pdf]
[www.eivp-paris.fr/sites/default/files/2026-03/PHYSIQUE.pdf]
[www.eivp-paris.fr/sites/default/files/2026-03/ANGLAIS_Concours interne 2025 EIVP.pdf]
[www.eivp-paris.fr/sites/default/files/2025-04/2024- note de sybthese - sujet- liste des documents.pdf]
[www.eivp-paris.fr/sites/default/files/2025-04/EIVP_CI_2024_Maths.pdf]
[www.eivp-paris.fr/sites/default/files/2025-04/e2024(3).pdf]
[www.eivp-paris.fr/sites/default/files/2025-04/concours ville April 24.pdf]
[www.eivp-paris.fr/sites/default/files/2024-02/Note de synthèse  2023.pdf]
[www.eivp-paris.fr/sites/default/files/2024-02/Epreuve de Mathématiques 2023.pdf]
[www.eivp-paris.fr/sites/default/files/2024-02/Epreuve de Physique 2023.pdf]
[www.eivp-paris.fr/sites/default/files/2024-02/Epreuve d'Anglais 2023.pdf]
[www.eivp-paris.fr/sites/default/files/2026-03/concours_interne_-_brochure_2026.pdf]
[www.eivp-paris.fr/formations/ingenieur-e-en-genie-urbain/informations-et-admissions/concours-interne.html]
[www.eivp-paris.fr/sites/default/files/styles/max_325x325/public/2021-06/semaine-innovation-entrepreneuriat (002)_004c1.jpg]
[www.eivp-paris.fr/actualites/retour-sur-ledition-2021-de-la-semaine-innovation-entrepreneuriat.html]
[www.eivp-paris.fr/sites/default/files/styles/max_325x325/public/2021-10/Ceremonie prix - Voyez-Vous (Vinciane Lebrun) -4895_websize0a36.jpg]
[www.eivp-paris.fr/sites/default/files/2021-10/Ceremonie prix - Voyez-Vous (Vinciane Lebrun) -4898_websize.jpg]
[www.eivp-paris.fr/sites/default/files/styles/max_325x325/public/2021-10/Ceremonie prix - Voyez-Vous (Vinciane Lebrun) -4898_websize03d2.jpg]
[www.eivp-paris.fr/sites/default/files/2021-10/Ceremonie prix - Voyez-Vous (Vinciane Lebrun) -4895_websize_0.jpg]
[www.eivp-paris.fr/sites/default/files/styles/max_325x325/public/2021-10/Ceremonie prix - Voyez-Vous (Vinciane Lebrun) -4895_websize_0c54a.jpg]
[www.eivp-paris.fr/sites/default/files/2021-10/EIVP-syntec-prix_0.jpg]
[www.eivp-paris.fr/sites/default/files/styles/max_325x325/public/2021-10/EIVP-syntec-prix_0a67f.jpg]
[www.eivp-paris.fr/sites/default/files/2021-10/EIVP-scene tech.jpg]
[www.eivp-paris.fr/sites/default/files/styles/max_325x325/public/2021-10/EIVP-scene tech0040.jpg]
[www.eivp-paris.fr/actualites/prix-de-lingenierie-du-futur-des-eleves-de-leivp-double-laureats.html]
[www.eivp-paris.fr/sites/default/files/css/css_jSiC5HexpFJD6v5rlipxyATK-G_uq97Q-0nhSCYhBAM.css]
[www.eivp-paris.fr/sites/default/files/css/css_VMstfCSBCI7EpuFzoPXxXj0Fl1OOuyhjPYZ5atAjedE.css]
[www.eivp-paris.fr/sites/default/files/2025-11/eivp-places_ouvertes-2026.jpg]
[www.eivp-paris.fr/formations/ingenieur-e-en-genie-urbain/informations-et-admissions/cpge.html]
[www.eivp-paris.fr/formations/ingenieur-e-en-genie-urbain/informations-et-admissions/ast.html]
[www.eivp-paris.fr/sites/default/files/2026-04/eivp_ast_2026_session1_pv_admis.pdf]
[www.eivp-paris.fr/node/230.html]
[www.eivp-paris.fr/sites/default/files/2025-07/EIVP_presentation-resultats-enquete CGE 2025.html]
[www.eivp-paris.fr/sites/default/files/2026-01/DOSSIER DE CANDIDATURE URBANTIC 2026-2027.docx]
[www.eivp-paris.fr/media/2908.html]
[www.eivp-paris.fr/sites/default/files/css/css_nvldjs21Rq5qE7KrYdbr4FyViYvwMxHzm5HIjolWLps.css]
[cdnjs.cloudflare.com/ajax/libs/select2/4.0.13/css/select2.min.css]
[www.eivp-paris.fr/sites/default/files/css/css_88a9BpBl8MHjCrlYGExt1bJVpge8kvnTqyFXuoHJWws.css]
[cdn.jsdelivr.net/gh/jackocnr/intl-tel-input@v17.0.19/build/css/intlTelInput.min.css]
[cdnjs.cloudflare.com/ajax/libs/select2/4.0.13/js/select2.min.js]
[www.eivp-paris.fr/sites/default/files/js/js_iFOuaLto9VGDhIbsWnK8nU37fyAFPZ80vOEwm5Tj8Ec.js]
[cdn.jsdelivr.net/gh/jackocnr/intl-tel-input@v17.0.19/build/js/intlTelInput.min.js]
[cdn.jsdelivr.net/gh/jackocnr/intl-tel-input@v17.0.19/build/js/intlTelInput-jquery.min.js]
[www.eivp-paris.fr/sites/default/files/js/js_6p1w90DonMmheK5ztfIkmEG62PHHG1IOxWuO06Av0LU.js]
[www.eivp-paris.fr/information-inscriptions-formation-continue.html]
[www.eivp-paris.fr/évènements/retour-dexperience-du-projet-pilote-sunrise-smart-city-conference-disam-shahrour.html]
[www.eivp-paris.fr/information-inscriptions-formation-continue7753.html]
[www.eivp-paris.fr/sites/default/files/2026-01/DOSSIER DE CANDIDATURE URBEAUSEP 2026_2027_0.docx]
[www.eivp-paris.fr/media/2909.html]
[www.eivp-paris.fr/sites/default/files/css/css_4ohvwwiEE7cguegzAU_dSWVb3lTxV6INhecw5wFiXZ4.css]
[www.eivp-paris.fr/sites/default/files/css/css_Ju2XUaqdCRwIa9PMc8Tv4kcSzMDwd8BS73oNydljaRs.css]
[www.eivp-paris.fr/évènements/d-praug-remise-des-diplomes-de-la-promotion-2020.html]
[www.eivp-paris.fr/sites/default/files/2020-01/D-Praug_workshop.jpg]
[www.eivp-paris.fr/sites/default/files/styles/max_325x325/public/2020-01/D-Praug_workshopc143.jpg]
[www.eivp-paris.fr/sites/default/files/2020-01/D-Praug.jpg]
[www.eivp-paris.fr/sites/default/files/styles/max_325x325/public/2020-01/D-Praug38cd.jpg]
[www.eivp-paris.fr/sites/default/files/2020-01/D-Praug3.jpg]
[www.eivp-paris.fr/sites/default/files/styles/max_325x325/public/2020-01/D-Praug39681.jpg]
[www.eivp-paris.fr/sites/default/files/2020-01/D-Praug2.jpg]
[www.eivp-paris.fr/sites/default/files/styles/max_325x325/public/2020-01/D-Praug28091.jpg]
[www.eivp-paris.fr/actualites/retour-sur-le-workshop-de-d-praug.html]
[www.eivp-paris.fr/sites/default/files/styles/max_325x325/public/2022-11/CLASSEMENT_INDIVIDUEL (10)_0454c.png]
[www.eivp-paris.fr/sites/default/files/styles/max_325x325/public/2022-11/points_eivp_classement_changenowa712.png]
[www.eivp-paris.fr/actualites/leivp-9eme-au-classement-changenowles-echos-start.html]
[www.eivp-paris.fr/node/4.html]
[www.eivp-paris.fr/julien.leroy@eivp-paris.html]
[www.eivp-paris.fr/international/_.html]
[www.eivp-paris.fr/international/www.cleiss.html]
[www.eivp-paris.fr/node/162.html]
[www.eivp-paris.fr/index.php/Career_Center_EIVP75a7.html]
[www.eivp-paris.fr/evenements1076.html]
[www.eivp-paris.fr/sites/default/files/styles/max_325x325/public/2021-09/forum-eivp-2021632f.jpg]
[www.eivp-paris.fr/evenements/forum-rencontres-entreprises.html]
[www.eivp-paris.fr/node/272.html]
[www.eivp-paris.fr/sites/default/files/styles/max_325x325/public/2024-02/Equipe 2024 semaine innovation Eco Palette_0934b.jpg]
[www.eivp-paris.fr/sites/default/files/styles/max_325x325/public/2024-02/Equipe 2024 semaine innovation Buttin Air_1d75f.jpg]
[www.eivp-paris.fr/sites/default/files/styles/max_325x325/public/2024-02/Equipe 2024 semaine innovation Filetonfilet_06227.jpg]
[www.eivp-paris.fr/sites/default/files/styles/max_325x325/public/2024-02/Equipe 2024 semaine innovation BinBuddy7ff9.jpg]
[www.eivp-paris.fr/sites/default/files/styles/max_325x325/public/2024-02/Photo semaine innovation restitution 2024_3dc36.jpg]
[www.eivp-paris.fr/actualites/retour-sur-ledition-2024-de-la-semaine-innovation-et-entrepreneuriat-de-leivp.html]
[www.eivp-paris.fr/sites/default/files/styles/max_325x325/public/2023-01/EIVP & Veolia logoscef5.jpg]
[www.eivp-paris.fr/sites/default/files/styles/max_325x325/public/2023-01/Semaine Entreprenariat EIVP Veolia 16723.jpg]
[www.eivp-paris.fr/actualites/les-eleves-de-leivp-et-veolia-imaginent-des-villes-plus-equitables-frugales-et.html]
[www.eivp-paris.fr/sites/default/files/styles/max_325x325/public/2018-04/themeresilience.jpgd311.jpg]
[www.eivp-paris.fr/recherchenos-thematiques-de-recherche/resilience-urbaine.html]
[www.eivp-paris.fr/index.php/La_recherche/Thème_2___énergie_et_climat_en_villed0c0.html]
[www.eivp-paris.fr/sites/default/files/styles/max_325x325/public/2018-04/themeenergie05be.jpg]
[www.eivp-paris.fr/recherchenos-thematiques-de-recherche/espaces-publics-et-amenagement-urbain.html]
[www.eivp-paris.fr/recherchenos-thematiques-de-recherche/systemes-urbains-numeriques.html]
[www.eivp-paris.fr/resin.html]
[www.eivp-paris.fr/sites/default/files/styles/max_325x325/public/2018-03/RESINcfbb.jpg]
[www.eivp-paris.fr/sites/default/files/styles/max_325x325/public/2018-03/RGC42f86.jpg]
[www.eivp-paris.fr/rgc4.html]
[www.eivp-paris.fr/incertu.html]
[www.eivp-paris.fr/accent.html]
[www.eivp-paris.fr/projets.html]
[www.eivp-paris.fr/projets4ad8.html]
[www.eivp-paris.fr/recherche/www.researchgate.net/profile/Le-Hung-Tran-2.html]
[www.eivp-paris.fr/evenements/soutenance-de-these-de-victor-bayard.html]
[www.eivp-paris.fr/evenementsa139.html]
[www.eivp-paris.fr/sites/default/files/styles/max_325x325/public/2021-07/these Anas Dabaj74c2.jpg]
[www.eivp-paris.fr/actualites/soutenance-de-these-danas-dabaj.html]
[www.eivp-paris.fr/sites/default/files/styles/max_325x325/public/2022-08/Build back beirut1cf2.png]
[www.eivp-paris.fr/build-back-beirut.html]
[www.eivp-paris.fr/sites/default/files/styles/max_325x325/public/2022-05/Capture_5767b.jpg]
[www.eivp-paris.fr/air-descartes.html]
[www.eivp-paris.fr/sites/default/files/styles/max_325x325/public/2019-02/RELEV2250.jpg]
[www.eivp-paris.fr/relev.html]
[www.eivp-paris.fr/sites/default/files/styles/max_325x325/public/2022-05/Capture_080ce.jpg]
[www.eivp-paris.fr/reveil.html]
[www.eivp-paris.fr/sites/default/files/styles/max_325x325/public/2019-05/paris-918992_12800971.jpg]
[www.eivp-paris.fr/pulse.html]
[www.eivp-paris.fr/sites/default/files/styles/max_325x325/public/2022-05/Capture_1cdaf.jpg]
[www.eivp-paris.fr/qualiscope.html]
[www.eivp-paris.fr/sites/default/files/styles/max_325x325/public/2022-05/Capture_4bdab.jpg]
[www.eivp-paris.fr/e3s.html]
[www.eivp-paris.fr/sites/default/files/styles/max_325x325/public/2018-03/RESCCUE1688.jpg]
[www.eivp-paris.fr/resccue.html]
[www.eivp-paris.fr/sites/default/files/styles/max_325x325/public/2022-05/Capture_2f829.jpg]
[www.eivp-paris.fr/polluscope.html]
[www.eivp-paris.fr/acv.html]
[www.eivp-paris.fr/sites/default/files/styles/max_325x325/public/2019-02/ACV4b67.jpg]
[www.eivp-paris.fr/sites/default/files/styles/max_325x325/public/2018-04/ascens24ee.png]
[www.eivp-paris.fr/ascens.html]
[www.eivp-paris.fr/sites/default/files/styles/max_325x325/public/2018-03/BISCOTE_0d798.jpg]
[www.eivp-paris.fr/biscote.html]
[www.eivp-paris.fr/sites/default/files/styles/max_325x325/public/2018-03/DTM_NU_RDT4244.jpg]
[www.eivp-paris.fr/dtm-nu-rdt.html]
[www.eivp-paris.fr/eco-quartier.html]
[www.eivp-paris.fr/sites/default/files/styles/max_325x325/public/2018-04/ECOQUARTIERS TEXTE4cd3.png]
[www.eivp-paris.fr/sites/default/files/styles/max_325x325/public/2018-04/MESH0a5a.jpg]
[www.eivp-paris.fr/mesh.html]
[www.eivp-paris.fr/sites/default/files/styles/max_325x325/public/2018-03/RETRACEeea2.jpg]
[www.eivp-paris.fr/retrace.html]
[www.eivp-paris.fr/recherche/nos-thematiques-de-recherche.html]
[www.eivp-paris.fr/sites/default/files/styles/max_325x325/public/2018-03/INTERNEc41f.png]
[www.eivp-paris.fr/interne.html]
[www.eivp-paris.fr/sites/default/files/styles/max_325x325/public/2023-05/Convention RIVP EIVP 2023_0c7c9.jpg]
[www.eivp-paris.fr/actualites/la-rivp-et-leivp-signent-une-convention.html]
[www.eivp-paris.fr/sites/default/files/styles/max_325x325/public/2023-05/Visuel EIVP et Veolia CP mai 2023d337.jpg]
[www.eivp-paris.fr/sites/default/files/styles/max_325x325/public/2023-05/Visuel 2 EIVP et Veolia CP mai 2023a495.jpg]
[www.eivp-paris.fr/actualites/leivp-et-le-groupe-veolia-sengagent-dans-une-chaire-dediee-la-transformation-ecologique.html]
[www.eivp-paris.fr/sites/default/files/styles/max_325x325/public/2023-06/Photo 1 convention Egis 7 juin 2023_2f2f6.jpg]
[www.eivp-paris.fr/actualites/leivp-et-egis-signent-une-convention-de-partenariat.html]
[www.eivp-paris.fr/sites/default/files/styles/max_325x325/public/2021-09/Screenshot 2021-09-20 at 15-07-24 Rues de demain5077.png]
[www.eivp-paris.fr/actualites/parution-de-louvrage-rues-de-demain.html]
[www.eivp-paris.fr/evenements/feede5a9]
[www.eivp-paris.fr/sites/default/files/css/css_JBk9UkgwY5r_ttIe9ZLhkBWnamP3Aoxd8P4JPvgZnY4.css]
[www.eivp-paris.fr/sites/default/files/styles/square_2x/public/2023-03/EIVP JGU 2023dccd.jpg]
[www.eivp-paris.fr/sites/default/files/js/js_ZNeuOc5NzO9gj2kuLjPDBfZa8Kcwc5E6Gp6PROvcoqE.js]
[www.eivp-paris.fr/sites/default/files/js/js_AM2cB1YoLnvf-cXkUvFtJ_sWZzWOCuWEOf2tvYmXMfQ.js]
[www.eivp-paris.fr/evenementse5a9.html]
[www.eivp-paris.fr/evenementse0f4.html]
[www.eivp-paris.fr/sites/default/files/styles/max_325x325/public/2020-10/Screenshot_2020-10-22 EIVProgramSanT-09 pdf703f.png]
[www.eivp-paris.fr/sites/default/files/styles/max_325x325/public/2021-02/Screenshot_2021-02-12 EIVProgramSanT-sante-14 pdf195d.png]
[www.eivp-paris.fr/sites/default/files/2021-02/EIVProgramSanT-sante-18_0.pdf]
[www.eivp-paris.fr/sites/default/files/2020-11/EIVProgramSanT-12.pdf]
[www.eivp-paris.fr/sites/default/files/2021-02/EIVProgramSanT-sante-18.pdf]
[www.eivp-paris.fr/evenements/urbanisme-et-sante-universite-du-genie-urbain.html]
[www.eivp-paris.fr/sites/default/files/styles/max_325x325/public/2022-12/Chapeau actu sortie ouvrage ECT4025.jpg]
[www.eivp-paris.fr/actualites/parution-de-louvrage-terres-urbaines-valeurs-positives-pour-la-ville-de-demain.html]
[www.eivp-paris.fr/sites/default/files/styles/max_325x325/public/2020-10/Screenshot_2020-10-09 PP_TerreDansTousEtats indd - MEP2_TerreDansTousEtats pdf932c.png]
[www.eivp-paris.fr/actualites/sortie-de-louvrage-la-terre-dans-tous-ses-etats.html]
[www.eivp-paris.fr/sites/default/files/styles/max_325x325/public/2018-04/UE2018-EIVP-email178c.jpg]
[www.eivp-paris.fr/economie-circulaire-territoires-et-genie-urbain-2018.html]
[www.eivp-paris.fr/sites/default/files/styles/max_325x325/public/2018-10/Nouveau monde de la mobilité7dcf.jpg]
[www.eivp-paris.fr/le-nouveau-monde-de-la-mobilite-ue-2017.html]
[www.eivp-paris.fr/sites/default/files/styles/max_325x325/public/2018-04/2015_RESILIENCE VULNERABILITE DES TERRITOIRES34e2.png]
[www.eivp-paris.fr/resilience-vulnerabilite-des-territoires-et-genie-urbain-ue-2015.html]
[www.eivp-paris.fr/sites/default/files/styles/max_325x325/public/2018-04/2014_QUESTIONS METROPOLITAINES ET GENIE URBAIN_0ec0c.jpg]
[www.eivp-paris.fr/questions-metropolitaines-et-genie-urbain-ue-2014.html]
[www.eivp-paris.fr/sites/default/files/styles/max_325x325/public/2018-04/2013_ECONOMIE IMMOBILIERE ET GENIE URBAIN5734.jpg]
[www.eivp-paris.fr/economie-immobiliere-et-genie-urbain-ue-2013.html]
[www.eivp-paris.fr/sites/default/files/styles/max_325x325/public/2018-04/2012_NUMERIQUE ET GENIE URBAIN945a.jpg]
[www.eivp-paris.fr/numerique-et-genie-urbain-ue-2012.html]
[www.eivp-paris.fr/genie-urbain-et-mobilite-ue-2011.html]
[www.eivp-paris.fr/sites/default/files/styles/max_325x325/public/2018-04/2011_GENIE URBAIN ET MOBILITE4736.jpg]
[www.eivp-paris.fr/sites/default/files/styles/max_325x325/public/2018-04/2010_GENIE URBAIN ET BIENS NATURELSbac1.jpg]
[www.eivp-paris.fr/genie-urbain-et-biens-naturels-ue-2010.html]
[www.eivp-paris.fr/sites/default/files/styles/max_325x325/public/2018-04/2009_GENIE URBAIN ET VILLE DURABLE784a.jpg]
[www.eivp-paris.fr/genie-urbain-et-ville-durable-ue-2009.html]
[www.eivp-paris.fr/sites/default/files/styles/max_325x325/public/2018-04/2013_ville_durable_urgences_et_utopies53f6.jpg]
[www.eivp-paris.fr/la-ville-durable-urgences-et-utopies-ue-2008.html]
[www.eivp-paris.fr/sites/default/files/styles/max_325x325/public/2018-04/SOUS LA VILLE DURABLE9c35.jpg]
[www.eivp-paris.fr/sous-la-ville-durable-le-genie-urbain.html]
[www.eivp-paris.fr/actualites/www.eivp-paris.html]
[www.eivp-paris.fr/actualites/www.veolia.html]
[www.eivp-paris.fr/sites/default/files/css/css_yM61sd0-VEtMXVRN_3_SyBQKT-TgWnRdUuJi9krj4tE.css]
[www.eivp-paris.fr/campus-eivp.html]
[www.eivp-paris.fr/sites/default/files/styles/max_325x325/public/2018-06/sup_sgacdc.jpg]
[www.eivp-paris.fr/sites/default/files/2019-07/presentation_du_sup_2018.pdf]
[www.eivp-paris.fr/sites/default/files/2019-07/2018_les_rivages_urbains.pdf]
[www.eivp-paris.fr/sites/default/files/2018-06/rapport_final_sup_2017_0.pdf]
[www.eivp-paris.fr/formationsingenieure-en-genie-urbain/mission-detudes-urbaines-sup.html]
[www.eivp-paris.fr/sites/default/files/css/css_zryEWDqe5Rh_ieOT2gM1bmRW4CqI8VAe5RXVrO0CU0I.css]
[www.eivp-paris.fr/sites/default/files/css/css_QTmAC9P_ezs1RCeiBr8et58JQPrkxQJSnfWWGJyInKs.css]
[www.eivp-paris.fr/user/password.html]
[www.eivp-paris.fr/sites/default/files/css/css_LdLSrSGCBTYttbxopEWygEJsRQDgDwktR74R33hOAT8.css]
[www.eivp-paris.fr/sites/default/files/styles/max_325x325/public/2018-04/themeenergie13712.jpg]
[www.eivp-paris.fr/recherchenos-thematiques-de-recherche/energie-climat-en-ville.html]
[www.eivp-paris.fr/formationscycle-ingenieur-en-genie-urbaindepartements-denseignement-et-de-recherche/departement.html]
[www.eivp-paris.fr/formationscycle-ingenieur-en-genie-urbaindepartements-denseignement-et-de-recherche/departement-0.html]
[www.eivp-paris.fr/sites/default/files/styles/max_325x325/public/2018-03/zoom40480.jpg]
[www.eivp-paris.fr/sites/default/files/2018-03/charteinformatiqueeivp2007.pdf]
[www.eivp-paris.fr/sites/default/files/2018-03/charterenater_fr.pdf]
[www.eivp-paris.fr/sites/default/files/2018-03/charte_reseaux_sociaux.pdf]
[www.eivp-paris.fr/formationscycle-ingenieur-en-genie-urbaindepartements-denseignement-et-de-recherche/departement-1.html]
[www.eivp-paris.fr/formationscycle-ingenieur-en-genie-urbaindepartements-denseignement-et-de-recherche/departement-2.html]
[www.eivp-paris.fr/formationscycle-ingenieur-en-genie-urbaindepartements-denseignement-et-de-recherche/departement-3.html]
[www.eivp-paris.fr/modules/contrib/video_embed_field/css/icons/play.svg]
[www.eivp-paris.fr/formations/ingenieure-en-genie-urbain/informations-et-admissions.html]
[www.eivp-paris.fr/sites/default/files/styles/max_325x325/public/2023-11/EIVP393f.png]
[www.eivp-paris.fr/sites/default/files/styles/max_325x325/public/2023-11/Score EIVP 5e ChangeNOW 20230b2d.jpg]
[www.eivp-paris.fr/sites/default/files/styles/max_325x325/public/2023-11/Amphi 2 EIVP77c7.jpg]
[www.eivp-paris.fr/actualites/leivp-5eme-au-classement-2023-changenow-les-echos-start-deloitte.html]
[www.eivp-paris.fr/sites/default/files/styles/max_325x325/public/2021-05/visuel-EIVP-ECT-Terres-Urbaine-300dpi-jaunee54b.jpg]
[www.eivp-paris.fr/sites/default/files/2021-06/Programme-Terres-Urbaines-Valeurs Positives-EIVP-ECT-2021.pdf]
[www.eivp-paris.fr/sites/default/files/2021-06/Programme-Terres-Urbaines-Valeurs Positives-EIVP-ECT-062021.pdf]
[www.eivp-paris.fr/evenements/les-terres-urbaines-valeurs-positives-pour-la-ville-de-demain.html]
[www.eivp-paris.fr/sites/default/files/styles/max_325x325/public/2020-04/ECT_05563.jpg]
[www.eivp-paris.fr/actualites/une-chaire-de-leivp-lhonneur.html]
[www.eivp-paris.fr/sites/default/files/css/css_snkJlvZM5xTV0P290XVNGkA9Pa8vkRO2wP32ItubecI.css]
[www.eivp-paris.fr/evenements/couleurs-obscurite-un-pas-de-cote-dans-la-conception-lumiere.html]
[www.eivp-paris.fr/sites/default/files/2021-12/99_DE-D2021040.html]
[www.eivp-paris.fr/sites/default/files/2019-12/d2019034.html]
[www.eivp-paris.fr/actualites/classement-de-shanghai-1ere-place-en-france-de-luniversite-gustave-eiffel-pour-les.html]
[www.eivp-paris.fr/actualites/lecole-des-ingenieurs-de-la-ville-de-paris-obtient-le-label-developpement-durable-et.html]
[www.eivp-paris.fr/actualites/prix-de-lingenierie-du-futur-une-equipe-de-leivp-en-finale.html]
[www.eivp-paris.fr/sites/default/files/styles/max_325x325/public/2021-10/EIVP-syntec-lauréats_146a6.jpg]
[www.eivp-paris.fr/actualites/quand-les-grandes-ecoles-stimulent-la-creativite-leivp-cite-par-le-moniteur.html]
[www.eivp-paris.fr/sites/default/files/styles/max_325x325/public/2021-07/EIVP-innovationb3fa.jpg]
[www.eivp-paris.fr/actualites/leivp-reinvente-son-cycle-ingenieure.html]
[www.eivp-paris.fr/actualites/jerome-gleizes-nouveau-president-de-leivp.html]
[www.eivp-paris.fr/sites/default/files/styles/max_325x325/public/2020-11/CA EIVP Election J Gleizes portrait1c4b.png]
[www.eivp-paris.fr/actualites2730.html]
[www.eivp-paris.fr/actualites1b98.html]
[www.eivp-paris.fr/actualitesdfb7.html]
[www.eivp-paris.fr/sites/default/files/styles/max_325x325/public/2025-09/Photo théâtre VSS EIVP 2025c6e9.jpg]
[www.eivp-paris.fr/sites/default/files/styles/max_325x325/public/2025-09/Plan égalité Université Gustave Eiffel 2024-2026709b.jpg]
[www.eivp-paris.fr/sites/default/files/2025-09/plan_egalite_universite_gustave_eiffel_2024-2026.pdf]
[www.eivp-paris.fr/actualites/prevenir-les-violences-sexistes-et-sexuelles-une-sensibilisation-theatrale-leivp.html]
[www.eivp-paris.fr/sites/default/files/styles/max_325x325/public/2025-09/cartedd3f.png]
[www.eivp-paris.fr/sites/default/files/styles/max_325x325/public/2025-09/Visuel data urbanivore actu65e9.png]
[www.eivp-paris.fr/sites/default/files/styles/max_325x325/public/2025-09/Photo Gaël Maignan urbanivore actu3c0f.jpg]
[www.eivp-paris.fr/sites/default/files/2025-09/urbanivore_-_communique_de_presse_-_gael_maignan.pdf]
[www.eivp-paris.fr/actualites/urbanivore-la-carte-interactive-qui-revele-les-arbres-fruitiers-de-nos-villes.html]
[www.eivp-paris.fr/actualites/enquete-cge-2025-tres-bonne-insertion-professionnelle-des-ingenieures-eivp.html]
[www.eivp-paris.fr/actualites/trois-eleves-de-leivp-au-jury-etudiant-des-green-solutions-awards-2025.html]
[www.eivp-paris.fr/sites/default/files/styles/max_325x325/public/2025-05/Photo Pierre marathon Rennes 2024 V21829.jpg]
[www.eivp-paris.fr/sites/default/files/styles/max_325x325/public/2025-05/Photo Eve marathon Paris 20251f8e.jpg]
[www.eivp-paris.fr/sites/default/files/styles/max_325x325/public/2025-05/Photo Ange marathon Paris 20250175.jpg]
[www.eivp-paris.fr/sites/default/files/styles/max_325x325/public/2025-05/Photo groupe marathon Paris 2025 V373dd.jpg]
[www.eivp-paris.fr/actualites/felicitations-nos-eleves-marathoniens.html]
[www.eivp-paris.fr/sites/default/files/styles/max_325x325/public/2025-04/1 semaine innovation 20253cb5.jpg]
[www.eivp-paris.fr/sites/default/files/styles/max_325x325/public/2025-04/2 semaine innovation 2025f747.jpg]
[www.eivp-paris.fr/sites/default/files/styles/max_325x325/public/2025-04/3 semaine innovation 2025c70e.jpg]
[www.eivp-paris.fr/sites/default/files/styles/max_325x325/public/2025-04/4 semaine innovation 20258d30.jpg]
[www.eivp-paris.fr/actualites/retour-sur-ledition-2025-de-la-semaine-innovation-entrepreneuriat-de-leivp.html]
[www.eivp-paris.fr/sites/default/files/styles/max_325x325/public/2025-03/Photo 1 EIVP GTM Bâtiment 14.03.2025_04f78.jpg]
[www.eivp-paris.fr/sites/default/files/styles/max_325x325/public/2025-03/Photo 2 EIVP GTM Bâtiment 14.03.2025843d.jpg]
[www.eivp-paris.fr/actualites/gtm-batiment-et-leivp-signent-une-convention-de-partenariat-pour-renforcer-les-liens.html]
[www.eivp-paris.fr/sites/default/files/styles/max_325x325/public/2025-03/Photo affiches 8 mars 2025 portrait_0e7a2.jpg]
[www.eivp-paris.fr/sites/default/files/styles/max_325x325/public/2025-03/Visuel affiches 8 mars 2025_2aec2.jpg]
[www.eivp-paris.fr/sites/default/files/2025-03/1. Caroline Aigle - Affiche EIVP 8 mars 2025.pdf]
[www.eivp-paris.fr/sites/default/files/2025-03/2. Lucie Aubrac - Affiche EIVP 8 mars 2025.pdf]
[www.eivp-paris.fr/sites/default/files/2025-03/3. Hubertine Auclert - Affiche EIVP 8 mars 2025.pdf]
[www.eivp-paris.fr/sites/default/files/2025-03/4. Agatha Christie - Affiche EIVP 8 mars 2025.pdf]
[www.eivp-paris.fr/sites/default/files/2025-03/5. Amélia Earhart - Affiche EIVP 8 mars 2025.pdf]
[www.eivp-paris.fr/sites/default/files/2025-03/6. Gisèle Halimi - Affiche EIVP 8 mars 2025.pdf]
[www.eivp-paris.fr/sites/default/files/2025-03/7. Margaret Hamilton - Affiche EIVP 8 mars 2025.pdf]
[www.eivp-paris.fr/sites/default/files/2025-03/8. Frida Kahlo - Affiche EIVP 8 mars 2025.pdf]
[www.eivp-paris.fr/sites/default/files/2025-03/9. Ada Lovelace - Affiche EIVP 8 mars 2025.pdf]
[www.eivp-paris.fr/sites/default/files/2025-03/10. Mélinée Manouchian - Affiche EIVP 8 mars 2025.pdf]
[www.eivp-paris.fr/sites/default/files/2025-03/11. Rosa Parks - Affiche EIVP 8 mars 2025.pdf]
[www.eivp-paris.fr/sites/default/files/2025-03/12. Marie-José Pérec - Affiche EIVP 8 mars 2025.pdf]
[www.eivp-paris.fr/sites/default/files/2025-03/13. Georges Sand - Affiche EIVP 8 mars 2025.pdf]
[www.eivp-paris.fr/sites/default/files/2025-03/14. Germaine Tillon - Affiche EIVP 8 mars 2025.pdf]
[www.eivp-paris.fr/sites/default/files/2025-03/15. Simone Veil - Affiche EIVP 8 mars 2025.pdf]
[www.eivp-paris.fr/sites/default/files/2025-03/16. Malala Yousafzai - Affiche EIVP 8 mars 2025.pdf]
[www.eivp-paris.fr/sites/default/files/styles/max_325x325/public/2025-03/Visuel 2 affiches 8 mars 2025_176d8.jpg]
[www.eivp-paris.fr/actualites/decouvrez-linitiative-porte-parole-des-femmes-leivp.html]
[www.eivp-paris.fr/sites/default/files/styles/max_325x325/public/2025-03/Photo 1 signature EIVP Veolia 6 mars 2025_0fb41.jpg]
[www.eivp-paris.fr/sites/default/files/styles/max_325x325/public/2025-03/Photo 2 signature EIVP Veolia 6 mars 20255f5c.jpg]
[www.eivp-paris.fr/actualites/les-eleves-de-leivp-et-les-experts-veolia-sallient-pour-imaginer-des-solutions.html]
[www.eivp-paris.fr/sites/default/files/styles/max_325x325/public/2025-03/Visuel Cap en Sup 2025_07ef4.jpg]
[www.eivp-paris.fr/sites/default/files/styles/max_325x325/public/2025-03/Visuel 2 Cap en Sup 2025c75f.jpg]
[www.eivp-paris.fr/actualites/cap-en-sup-lecole-des-ingenieurs-de-la-ville-de-paris-un-soutien-collectif-pour-legalite.html]
[www.eivp-paris.fr/sites/default/files/styles/max_325x325/public/2024-12/Photo post 2 concours éloquence EIVP7d85.jpg]
[www.eivp-paris.fr/sites/default/files/styles/max_325x325/public/2024-12/IMG_6603c333.jpg]
[www.eivp-paris.fr/sites/default/files/styles/max_325x325/public/2024-12/IMG_6635c93a.jpg]
[www.eivp-paris.fr/actualites/revivez-en-video-la-finale-du-concours-deloquence-2024-de-leivp.html]
[www.eivp-paris.fr/sites/default/files/styles/max_325x325/public/2024-11/Post rentrée EIVP 2024 photo 2_0508d.jpg]
[www.eivp-paris.fr/sites/default/files/styles/max_325x325/public/2024-11/Photo Fresque du climat rentrée 2024e493.jpg]
[www.eivp-paris.fr/sites/default/files/styles/max_325x325/public/2024-11/Post rentrée EIVP 2024 photo 32d0e.jpg]
[www.eivp-paris.fr/sites/default/files/styles/max_325x325/public/2024-11/Photo 1 Colas EIVP 2024c4b1.jpg]
[www.eivp-paris.fr/actualites/retour-sur-la-rentree-a-l-eivp-une-integration-orientee-enjeux-climatiques.html]
[www.eivp-paris.fr/actualites/integrer-leivp-un-dossier-de-letudiant-sur-le-concours-cmt.html]
[www.eivp-paris.fr/sites/default/files/styles/max_325x325/public/2021-06/ETUDIANT 2020bb29.png]
[www.eivp-paris.fr/actualites/concours-2021-leivp-integre-le-concours-mines-telecom.html]
[www.eivp-paris.fr/actualites/leivp-3eme-meilleure-ecole-dingenieurs-constructionurbanisme.html]
[www.eivp-paris.fr/sites/default/files/styles/max_325x325/public/2020-12/Classement 2ca8b.jpg]
[www.eivp-paris.fr/actualites/retour-sur-le-seminaire-dintegration-de-la-nouvelle-promotion-des-iaap.html]
[www.eivp-paris.fr/sites/default/files/styles/max_325x325/public/2019-11/IMG_1469dd3c.jpg]
[www.eivp-paris.fr/actualitesaae3.html]
[www.eivp-paris.fr/actualites337a.html]
[www.eivp-paris.fr/actualitesbda1.html]
[www.eivp-paris.fr/actualites/leivp-renouvelle-sa-charte-erasmus-pour-le-programme-2021-2027.html]
[www.eivp-paris.fr/sites/default/files/styles/max_325x325/public/2021-01/Chartered again4021.png]
[www.eivp-paris.fr/actualites/leivp-rejoint-le-consortium-eg.html]
[www.eivp-paris.fr/sites/default/files/styles/max_325x325/public/2019-12/EIVP-logo eg@947f.png]
[www.eivp-paris.fr/actualites/deux-etudiantes-eivp-bethleem-pour-reinventer-la-place-de-la-nativite.html]
[www.eivp-paris.fr/sites/default/files/styles/max_325x325/public/2019-12/Atelier21294.jpg]
[www.eivp-paris.fr/actualites/leivp-signe-4-nouveaux-partenariats-internationaux.html]
[www.eivp-paris.fr/sites/default/files/styles/max_325x325/public/2019-11/ActuEIVP_Tallinb659.jpg]
[www.eivp-paris.fr/actualites1f28.html]
[www.eivp-paris.fr/sites/default/files/styles/max_325x325/public/2024-10/Week-end trail octobre 2024 photo 27b24.jpg]
[www.eivp-paris.fr/sites/default/files/styles/max_325x325/public/2024-10/Week-end trail octobre 2024 photo 32cbc.jpg]
[www.eivp-paris.fr/sites/default/files/styles/max_325x325/public/2024-10/Week-end trail octobre 2024 photo 4.22a4d.jpg]
[www.eivp-paris.fr/sites/default/files/styles/max_325x325/public/2024-10/Week-end trail octobre 2024 photo 5143d.jpg]
[www.eivp-paris.fr/actualites/week-end-trail-et-randonnee-dans-les-vosges.html]
[www.eivp-paris.fr/sites/default/files/styles/max_325x325/public/2024-10/Photo Centre de ressources 20245ad9.jpg]
[www.eivp-paris.fr/sites/default/files/styles/max_325x325/public/2024-10/Photo 2 Centre de ressources 20240f29.jpg]
[www.eivp-paris.fr/actualites/rdv-le-17-octobre-pour-linauguration-du-centre-de-ressources-des-savoirs-urbains.html]
[www.eivp-paris.fr/actualites/les-eleves-de-leivp-et-veolia-imaginent-la-transformation-ecologique-de-la-ville.html]
[www.eivp-paris.fr/sites/default/files/styles/max_325x325/public/2022-02/Semaine Entreprenariat 2021-135f2b.jpg]
[www.eivp-paris.fr/sites/default/files/styles/max_325x325/public/2021-09/rentrée 2021- charte événements3fa1.jpg]
[www.eivp-paris.fr/actualites/jardin-du-campus-la-video-du-reamenagement.html]
[www.eivp-paris.fr/sites/default/files/styles/max_325x325/public/2020-12/jardin-partage2043.png]
[www.eivp-paris.fr/actualites75ca.html]
[www.eivp-paris.fr/actualites869b.html]
[www.eivp-paris.fr/actualites8d6e.html]
[www.eivp-paris.fr/actualites/participez-letude-sur-les-consequences-des-inondations-de-2016-et-2018-en-ile-de-france.html]
[www.eivp-paris.fr/sites/default/files/styles/max_325x325/public/2024-06/Illustration 2 European Hacktathon 2024_0849f.jpg]
[www.eivp-paris.fr/sites/default/files/styles/max_325x325/public/2024-06/Illustration 1 European Hacktathon 2024_10217.jpg]
[www.eivp-paris.fr/actualites/decouvrez-les-laureats-de-leuropean-hackathon-2024.html]
[www.eivp-paris.fr/sites/default/files/styles/max_325x325/public/2024-06/Illustration 3 European Hacktathon 2024_0deee.jpg]
[www.eivp-paris.fr/sites/default/files/styles/max_325x325/public/2024-05/Visuel article UGE CWUR 2024c9f3.jpg]
[www.eivp-paris.fr/sites/default/files/styles/max_325x325/public/2024-05/EIVP chantier photo 20bc3.jpg]
[www.eivp-paris.fr/actualites/luniversite-gustave-eiffel-est-classee-parmi-les-meilleurs-etablissements.html]
[www.eivp-paris.fr/sites/default/files/styles/max_325x325/public/2024-05/Photo 1 centre de documentation EIVP V2_1b120.jpg]
[www.eivp-paris.fr/sites/default/files/styles/max_325x325/public/2024-05/Photo 2 centre de documentation EIVP V2_0555a.jpg]
[www.eivp-paris.fr/sites/default/files/styles/max_325x325/public/2024-05/Photo 3 centre de documentation EIVP V2_02690.jpg]
[www.eivp-paris.fr/sites/default/files/styles/max_325x325/public/2024-05/Photo travaux 17 mai 2024_0bec6.jpg]
[www.eivp-paris.fr/actualites/le-centre-de-ressources-de-leivp-se-reinvente.html]
[www.eivp-paris.fr/sites/default/files/styles/max_325x325/public/2024-03/Visuel 8 mars 2024 EIVP_0691f.jpg]
[www.eivp-paris.fr/sites/default/files/styles/max_325x325/public/2024-03/Photo podcast EIVP Syntec 25 mai 20239dd1.jpg]
[www.eivp-paris.fr/sites/default/files/styles/max_325x325/public/2024-01/Photo atelier négociation salariale 17.01.24_0677a.jpg]
[www.eivp-paris.fr/actualites/leivp-reaffirme-son-engagement-en-faveur-de-la-feminisation-de-lingenierie.html]
[www.eivp-paris.fr/sites/default/files/styles/max_325x325/public/2024-02/Photo 1 semaine innovation 2023_1bb9a.jpg]
[www.eivp-paris.fr/sites/default/files/styles/max_325x325/public/2024-02/Photo 2 semaine innovation 2023_0a4ae.jpg]
[www.eivp-paris.fr/actualites/les-eleves-de-leivp-et-veolia-imaginent-des-solutions-pour-des-villes.html]
[www.eivp-paris.fr/sites/default/files/styles/max_325x325/public/2024-01/Photo Anne Zimmermann 17.01.249324.jpg]
[www.eivp-paris.fr/sites/default/files/styles/max_325x325/public/2024-01/Photo Carole Guilhem 17.01.243ba1.jpg]
[www.eivp-paris.fr/actualites/leivp-agit-en-faveur-de-legalite-professionnelle-entre-les-femmes-et-les-hommes.html]
[www.eivp-paris.fr/sites/default/files/styles/max_325x325/public/2024-01/EIVP l'Étudiant 2024ac0c.jpg]
[www.eivp-paris.fr/actualites/leivp-confirme-sa-progression-dans-le-classement-de-letudiant-2024.html]
[www.eivp-paris.fr/sites/default/files/styles/max_325x325/public/2024-01/Visuel voeux 2024 EIVP_079be.jpg]
[www.eivp-paris.fr/actualites/meilleurs-voeux-pour-2024.html]
[www.eivp-paris.fr/actualites/donnees-urbaines-un-article-de-notre-equipe-de-recherche-publie-dans-la-revue-isprs.html]
[www.eivp-paris.fr/sites/default/files/styles/max_325x325/public/2022-10/Article Jacquinod259e.png]
[www.eivp-paris.fr/actualites/focus-sur-urbantic-mastere-specialiser-en-genie-urbain-et-technologies-de-linformation.html]
[www.eivp-paris.fr/sites/default/files/styles/max_325x325/public/2022-10/MS URBANTIC0968.jpg]
[www.eivp-paris.fr/actualites/une-publication-de-chercheurs-de-leivp-dans-la-revue-safety-science.html]
[www.eivp-paris.fr/sites/default/files/styles/max_325x325/public/2022-09/2022-BBC-Der Sarkissian8c62.png]
[www.eivp-paris.fr/actualites/enquete-cge-2022-tres-bonne-insertion-professionnelle-de-nos-ingenieures-eivp.html]
[www.eivp-paris.fr/sites/default/files/styles/max_325x325/public/2022-08/CGE-2022-presentation1fe6.jpg]
[www.eivp-paris.fr/actualites/seminaire-jumeaux-numeriques-au-service-des-innovations-urbaines.html]
[www.eivp-paris.fr/sites/default/files/styles/max_325x325/public/2022-04/Capture317e.jpg]
[www.eivp-paris.fr/sites/default/files/2022-04/Fiche_seminaireJNumeriques19042022VF.pdf]
[www.eivp-paris.fr/actualites/communique-leivp-ouvre-sa-formation-dingenieur-en-genie-urbain-lapprentissage.html]
[www.eivp-paris.fr/sites/default/files/styles/max_325x325/public/2022-03/Site web communiqué_007ae.jpg]
[www.eivp-paris.fr/actualitesf5b2.html]
[www.eivp-paris.fr/sites/default/files/styles/max_325x325/public/2023-09/Raison 63e44.jpg]
[www.eivp-paris.fr/actualites/cest-la-semaine-europeenne-du-developpement-durable.html]
[www.eivp-paris.fr/actualites6492.html]
[www.eivp-paris.fr/sites/default/files/styles/max_325x325/public/2023-09/Photo 2 EIVP rentrée 2023_04e2f.jpg]
[www.eivp-paris.fr/sites/default/files/styles/max_325x325/public/2023-09/Photo 1 EIVP rentrée 2023_02f9b.jpg]
[www.eivp-paris.fr/sites/default/files/styles/max_325x325/public/2023-09/Photo 3 EIVP rentrée 2023250b.jpg]
[www.eivp-paris.fr/actualites/lannee-scolaire-2023-2024-est-lancee-leivp.html]
[www.eivp-paris.fr/sites/default/files/2023-07/2023-CGE-EIVP-insertion professionnelle.pdf]
[www.eivp-paris.fr/actualites/enquete-cge-2023-excellente-insertion-professionnelle-de-nos-ingenieures-eivp.html]
[www.eivp-paris.fr/sites/default/files/styles/max_325x325/public/2023-06/Illustration 1 actu 5 juin 2023_017f6.jpg]
[www.eivp-paris.fr/sites/default/files/styles/max_325x325/public/2023-06/Illustration 3 actu 5 juin 20235e28.jpg]
[www.eivp-paris.fr/actualites/ce-5-juin-2023-est-le-cinquantieme-anniversaire-de-la-journee-mondiale-de-lenvironnement.html]
[www.eivp-paris.fr/actualites/victor-bayard-est-docteur-en-genie-urbain.html]
[www.eivp-paris.fr/sites/default/files/styles/max_325x325/public/2022-03/Visuels RS EIVP4a4e.jpg]
[www.eivp-paris.fr/actualites/voeux-de-franck-jung-directeur-de-leivp.html]
[www.eivp-paris.fr/sites/default/files/styles/max_325x325/public/2022-03/Site web communiqué 2a4a1.jpg]
[www.eivp-paris.fr/actualites/la-13e-edition-du-forum-rencontre-entreprises-eu-lieu-leivp.html]
[www.eivp-paris.fr/sites/default/files/styles/max_325x325/public/2021-12/Forum Entreprises EIVP 2021 1 site webcf85.jpg]
[www.eivp-paris.fr/actualitesd4ac.html]
[www.eivp-paris.fr/actualites/une-publication-de-chercheurs-de-leivp-dans-linternational-journal-disaster-risk.html]
[www.eivp-paris.fr/sites/default/files/styles/max_325x325/public/2021-11/Irma-etude de cas8d66.png]
[www.eivp-paris.fr/sites/default/files/styles/max_325x325/public/2021-10/EIVP-syntec-lauréats_06642.jpg]
[www.eivp-paris.fr/actualitese486.html]
[www.eivp-paris.fr/sites/default/files/styles/max_325x325/public/2023-04/Actu EIVP apprentissage_06dd1.jpg]
[www.eivp-paris.fr/sites/default/files/styles/max_325x325/public/2023-04/_FKP7499636a.jpg]
[www.eivp-paris.fr/actualites/devenez-ingenieure-en-genie-urbain-par-lapprentissage.html]
[www.eivp-paris.fr/sites/default/files/styles/max_325x325/public/2023-04/IMG-20230402-WA003121e2.jpg]
[www.eivp-paris.fr/sites/default/files/styles/max_325x325/public/2023-04/Marathon Chloé Auxane 20aee.jpg]
[www.eivp-paris.fr/sites/default/files/styles/max_325x325/public/2023-04/20230402_145130 - Copie589e.jpg]
[www.eivp-paris.fr/actualites/felicitations-a-nos-eleves-marathoniens.html]
[www.eivp-paris.fr/sites/default/files/styles/max_325x325/public/2023-03/Label Best School Experience 20237e7b.png]
[www.eivp-paris.fr/actualites/leivp-dans-le-le-top-20-des-ecoles-dingenieurs-ou-il-fait-bon-etudier.html]
[www.eivp-paris.fr/sites/default/files/styles/max_325x325/public/2023-03/Astrid-Bioulac_0ffe3.jpg]
[www.eivp-paris.fr/sites/default/files/styles/max_325x325/public/2023-03/Photo CV Efélide Alcocer_0464d.jpg]
[www.eivp-paris.fr/actualites/leivp-grande-ecole-engagee-dans-la-feminisation-de-lingenierie.html]
[www.eivp-paris.fr/actualites/visites-de-sites-et-chantiers-pour-la-promotion-63-deleves-ingenieures.html]
[www.eivp-paris.fr/sites/default/files/styles/max_325x325/public/2021-09/EIVP-visite chantierb015.jpg]
[www.eivp-paris.fr/actualites/enquete-cge-2021-tres-bonne-insertion-professionnelle-de-nos-ingenieures-eivp.html]
[www.eivp-paris.fr/sites/default/files/styles/max_325x325/public/2021-07/CGE-2021-presentation EIVP_00ad2.jpg]
[www.eivp-paris.fr/actualites6258.html]
[www.eivp-paris.fr/actualites/classement-letudiant-leivp-est-49-e.html]
[www.eivp-paris.fr/sites/default/files/2023-02/flyer_anthropologie_rse.pdf]
[www.eivp-paris.fr/actualites/vers-une-anthropologie-de-la-rse-parution-de-louvrage-deric-gautier.html]
[www.eivp-paris.fr/sites/default/files/styles/max_325x325/public/2022-12/Affiche conférences urgence climatique_0b7a9.jpg]
[www.eivp-paris.fr/actualites/leivp-accueille-un-cycle-de-conferences-concevoir-en-temps-durgence-climatique.html]
[www.eivp-paris.fr/sites/default/files/styles/max_325x325/public/2021-06/Thèse-Anas Dabajc254.jpg]
[www.eivp-paris.fr/sites/default/files/styles/max_325x325/public/2021-06/semaine-innovation-entrepreneuriat (002)2423.jpg]
[www.eivp-paris.fr/actualites/comment-concevoir-amenager-et-gerer-des-espaces-urbains-durables-de-demain-alors-quils.html]
[www.eivp-paris.fr/sites/default/files/styles/max_325x325/public/2021-05/VEOLIA_tribune-EIVP2d13.jpg]
[www.eivp-paris.fr/actualites/signature-de-la-convention-de-partenariat-pour-la-semaine-pedagogique-innovation.html]
[www.eivp-paris.fr/sites/default/files/styles/max_325x325/public/2021-04/Veolia-eivp_01aae.jpg]
[www.eivp-paris.fr/actualites/leivp-partenaire-du-jury-des-green-solutions-awards.html]
[www.eivp-paris.fr/sites/default/files/styles/max_325x325/public/2021-04/EIVP-partenaire greenadd0.jpg]
[www.eivp-paris.fr/actualites0711.html]
[www.eivp-paris.fr/sites/default/files/styles/max_325x325/public/2018-09/MOU-EIVP-Water-Institute-Louisianna-2018_01b6d.png]
[www.eivp-paris.fr/actualites/signature-dun-mou-avec-le-water-institute-gulf-de-baton-rouge.html]
[www.eivp-paris.fr/actualites/une-publication-de-chercheurs-de-leivp-dans-la-revue-sustainibility.html]
[www.eivp-paris.fr/sites/default/files/styles/max_325x325/public/2021-04/EIVP-article-web243f.gif]
[www.eivp-paris.fr/actualites/parution-de-louvrage-les-communs-lepreuve-du-projet-urbain-eivppucaproximites.html]
[www.eivp-paris.fr/sites/default/files/styles/max_325x325/public/2021-04/PUCA7ecd.jpg]
[www.eivp-paris.fr/actualites9066.html]
[www.eivp-paris.fr/actualites44f9.html]
[www.eivp-paris.fr/actualitesa595.html]
[www.eivp-paris.fr/actualitesbff6.html]
[www.eivp-paris.fr/sites/default/files/styles/max_325x325/public/2018-07/tribu-oasis1_0f362.jpg]
[www.eivp-paris.fr/actualites/ilot-de-chaleur-un-enjeu-dadaptation-au-changement-climatique-un-dossier-construction-21.html]
[www.eivp-paris.fr/actualites/laccreditation-cti-de-leivp-renouvelee-pour-5-ans-la-periode-maximale.html]
[www.eivp-paris.fr/actualites/2-eleves-ingenieurs-eivp-etaient-en-live-sur-campus-channel.html]
[www.eivp-paris.fr/actualites/d-praug-nouveau-diplome-de-programmation-dans-le-journal-le-monde.html]
[www.eivp-paris.fr/actualites/mooc-acceptabilite-des-chantiers-urbains-furet-acu.html]
[www.eivp-paris.fr/sites/default/files/styles/max_325x325/public/2019-03/furet101d.jpg]
[www.eivp-paris.fr/actualites/ux-city-lighting-challenge.html]
[www.eivp-paris.fr/sites/default/files/styles/max_325x325/public/2019-02/vignette_-_560x480 (1)a75d.png]
[www.eivp-paris.fr/actualites/une-etudiante-eivp-recompensee-au-hackaton-organise-par-la-ffb-54.html]
[www.eivp-paris.fr/sites/default/files/styles/max_325x325/public/2018-12/Hackaton-FFB54-Prix-EIVPb9bb.jpg]
[www.eivp-paris.fr/actualites/interview-de-bernard-landau-ouvrage-UE-EIVP.html]
[www.eivp-paris.fr/sites/default/files/styles/max_325x325/public/2018-11/interview-B-Landau-EIVP-Mobilités-2018-Agoranews-automobility873b.jpg]
[www.eivp-paris.fr/actualites/eivp-ect-creent-une-nouvelle-chaire-valorisation-des-terres-issues-des-chantiers-urbains.html]
[www.eivp-paris.fr/sites/default/files/styles/max_325x325/public/2018-10/20182410 -Chaire ECT-EIVPa3e7.jpg]
[www.eivp-paris.fr/actualites/linterview-de-youssef-diab-dir-scientifique-de-leivp-sur-louvrage-collectif-le-nouveau.html]
[www.eivp-paris.fr/sites/default/files/styles/max_325x325/public/2018-09/EIVP-Youssef-Diab-BFM-Université-dété2d0f.png]
[www.eivp-paris.fr/actualitesa25b.html]
[www.eivp-paris.fr/actualites/mise-en-ligne-des-videos-de-luniversite-du-genie-urbain.html]
[www.eivp-paris.fr/sites/default/files/styles/max_325x325/public/2021-04/UE-EIVP-2020-2021_0c91d.jpg]
[www.eivp-paris.fr/actualites/nina-pizzi-etudiante-en-bi-cursus-laureate-du-prix-des-espoirs-de-larchitecture.html]
[www.eivp-paris.fr/sites/default/files/styles/max_325x325/public/2021-03/Screenshot_2021-03-23 Un Prix des espoirs de l’architecture inspirée du vivant – in interiorsdda6.png]
[www.eivp-paris.fr/actualites/data-perspective-environmental-mobile-crowd-sensing-publication-dun-article-co-ecrit-par.html]
[www.eivp-paris.fr/actualites/8-mars-portraits-de-8-ingenieures-diplomees-de-leivp.html]
[www.eivp-paris.fr/sites/default/files/styles/max_325x325/public/2021-03/Capture d’écran 2021-03-08 à 16.01.1477c3.png]
[www.eivp-paris.fr/actualitescb2a.html]
[www.eivp-paris.fr/actualites/les-etudiants-du-mastere-specialise-urbeausep-en-visite-de-chantier.html]
[www.eivp-paris.fr/sites/default/files/styles/max_325x325/public/2021-03/MS-2021-02-p16e4c.jpg]
[www.eivp-paris.fr/actualites/la-chaire-ect-eivp-sur-la-valorisation-des-terres-issues-des-chantiers-urbain-est.html]
[www.eivp-paris.fr/sites/default/files/styles/max_325x325/public/2021-01/Chaire-ECT-EIVP_003ed.jpg]
[www.eivp-paris.fr/actualites68e0.html]
[www.eivp-paris.fr/actualites/aides-de-la-ville-de-paris-aux-etudiantes-poursuite-des-distributions-alimentaires.html]
[www.eivp-paris.fr/sites/default/files/styles/max_325x325/public/2020-11/aides_01d3e.jpg]
[www.eivp-paris.fr/actualites/souheir-mehanna-doctorante-eivpuvsq-laureate-du-best-student-paper-award-de-la.html]
[www.eivp-paris.fr/sites/default/files/styles/max_325x325/public/2020-11/webist_2eafe.jpg]
[www.eivp-paris.fr/actualites/leivp-sassocie-lhommage-national-samuel-paty.html]
[www.eivp-paris.fr/sites/default/files/styles/max_325x325/public/2020-10/samuel_paty49af.jpg]
[www.eivp-paris.fr/actualites/prix-espoirs-de-lingenierie-pour-le-projet-eivp-ca-presse.html]
[www.eivp-paris.fr/sites/default/files/styles/max_325x325/public/2020-10/pirx ingénierie2020c4ab.jpg]
[www.eivp-paris.fr/actualites9ef6.html]
[www.eivp-paris.fr/actualites/heloise-jacob-laureate-du-prix-ingenieuses-2020.html]
[www.eivp-paris.fr/sites/default/files/styles/max_325x325/public/2020-10/Ingénieuse2020-Heloise-Jacob-EIVP-lauréata38b.png]
[www.eivp-paris.fr/actualites/prix-de-lingenierie-du-futur-2-equipes-de-leivp-en-finale.html]
[www.eivp-paris.fr/sites/default/files/styles/max_325x325/public/2020-09/EIVP-ingé-futur_0f8d3.jpg]
[www.eivp-paris.fr/actualites/ingenieuses-2020-nomination-dheloise-jacob-diplomee-bicursus.html]
[www.eivp-paris.fr/sites/default/files/styles/max_325x325/public/2020-09/ingenieuses'20d631.jpg]
[www.eivp-paris.fr/actualites/rentree-climat-pour-la-nouvelle-promotion.html]
[www.eivp-paris.fr/sites/default/files/styles/max_325x325/public/2020-09/EIVP-frequeclimat4129a.jpg]
[www.eivp-paris.fr/actualites/mieux-comprendre-la-reconstruction-post-catastrophe.html]
[www.eivp-paris.fr/sites/default/files/styles/max_325x325/public/2020-06/cerema-relev129eb.jpg]
[www.eivp-paris.fr/actualites9275.html]
[www.eivp-paris.fr/actualites/soutenance-de-la-these-de-marie-bocquentin.html]
[www.eivp-paris.fr/sites/default/files/styles/max_325x325/public/2020-05/Soutenance_Bocquentin_25.05.20201d28.jpg]
[www.eivp-paris.fr/sites/default/files/styles/max_325x325/public/2020-04/ECT1449.jpg]
[www.eivp-paris.fr/actualites/rentree-2020-leivp-vous-souhaite-la-bienvenue.html]
[www.eivp-paris.fr/actualites/veolia-et-lecole-dingenieurs-de-la-ville-de-paris-eivp-sassocient-pour-repenser-la-ville.html]
[www.eivp-paris.fr/sites/default/files/styles/max_325x325/public/2020-03/EIVP-SE-1_0a537.jpg]
[www.eivp-paris.fr/sites/default/files/styles/max_325x325/public/2020-01/D-Praug_workshop_066d7.jpg]
[www.eivp-paris.fr/actualites/recuperation-de-chaleur-fatale-dans-les-reseaux-de-chaleur-these-cifre-eivp-engie.html]
[www.eivp-paris.fr/sites/default/files/styles/max_325x325/public/2020-01/soutenance-samuel_chiche_0c791.jpg]
[www.eivp-paris.fr/actualites65fe.html]
[www.eivp-paris.fr/actualites/parution-du-decret-portant-creation-de-luniversite-gustave-eiffel.html]
[www.eivp-paris.fr/sites/default/files/styles/max_325x325/public/2019-12/EIVP-JO351e.jpg]
[www.eivp-paris.fr/actualites/retour-sur-la-derniere-international-staff-week.html]
[www.eivp-paris.fr/sites/default/files/styles/max_325x325/public/2019-11/ActuEIVP_201910_Staffweek9419.jpg]
[www.eivp-paris.fr/actualitesf906.html]
[www.eivp-paris.fr/actualites/comment-cartographier-la-resilience-urbaine.html]
[www.eivp-paris.fr/sites/default/files/styles/max_325x325/public/2019-09/EC9zwxoXUAAx4ds6956.png]
[www.eivp-paris.fr/actualites/le-projet-rgc4-dans-le-parisien.html]
[www.eivp-paris.fr/sites/default/files/styles/max_325x325/public/2019-07/Article-Le-Parisien-0720194cc3.png]
[www.eivp-paris.fr/actualites/bienvenue-aux-admis-2019.html]
[www.eivp-paris.fr/sites/default/files/styles/max_325x325/public/2019-09/rentrée EIVP2019cf5e.jpg]
[www.eivp-paris.fr/actualites/mooc-villes-et-territoires-durables.html]
[www.eivp-paris.fr/sites/default/files/styles/max_325x325/public/2019-06/MOOC Ville Durable - ADEME - CNFPT68d2.jpg]
[www.eivp-paris.fr/actualites/dossier-resilience-par-eivp-et-construction-21.html]
[www.eivp-paris.fr/sites/default/files/styles/max_325x325/public/2019-04/Illustration Construction 21d8c7.jpg]
[www.eivp-paris.fr/actualites/colloque-la-terre-dans-tous-ses-etats.html]
[www.eivp-paris.fr/sites/default/files/styles/max_325x325/public/2019-02/Colloque-EIVP-ECT-Avril2019-v223d5.jpg]
[www.eivp-paris.fr/actualites0259.html]
[www.eivp-paris.fr/formations/ingenieur-e-en-genie-urbain/informations-et-admissions/gabriel.jourdan@eivp-paris.html]
[www.eivp-paris.fr/sites/default/files/css/css_nvldjs21Rq5qE7KrYdbr4FyViYvwMxHzm5HIjolWLps.css]
[cdnjs.cloudflare.com/ajax/libs/select2/4.0.13/css/select2.min.css]
[www.eivp-paris.fr/sites/default/files/css/css_88a9BpBl8MHjCrlYGExt1bJVpge8kvnTqyFXuoHJWws.css]
[cdn.jsdelivr.net/gh/jackocnr/intl-tel-input@v17.0.19/build/img/flags.png]
[cdn.jsdelivr.net/gh/jackocnr/intl-tel-input@v17.0.19/build/img/flags@2x.png]
[cdn.jsdelivr.net/gh/jackocnr/intl-tel-input@v17.0.19/build/css/intlTelInput.min.css]
[www.eivp-paris.fr/evenements/feed1076]
[www.eivp-paris.fr/evenements/forum-eivp-rencontre-entreprises.html]
[www.eivp-paris.fr/evenements/forum-eivp-rencontres-entreprises-2023.html]
[www.eivp-paris.fr/evenements/forum-eivp-rencontre-entreprises-2022.html]
[www.eivp-paris.fr/sites/default/files/styles/square_2x/public/2021-09/forum-eivp-202145e0.jpg]
[www.eivp-paris.fr/evenementsd4ac.html]
[www.eivp-paris.fr/evenements337a.html]
[www.eivp-paris.fr/evenements/epreuves-orales-du-concours-mines-telecom.html]
[www.eivp-paris.fr/evenements1076.html]
[www.eivp-paris.fr/projets.html]
[www.eivp-paris.fr/evenements/concours-cpge-admissions-eivp-2020-ecrits-et-resultats.html]
[www.eivp-paris.fr/evenements/feeda139]
[www.eivp-paris.fr/evenements/lancement-de-la-chaire-transition-fonciere.html]
[www.eivp-paris.fr/evenements/presentation-du-mooc-furet.html]
[www.eivp-paris.fr/sites/default/files/styles/square_2x/public/2023-03/moocc2b7.gif]
[www.eivp-paris.fr/evenements/mardi-de-linfo-de-lastee.html]
[www.eivp-paris.fr/evenementsa595.html]
[www.eivp-paris.fr/evenements/soutenance-de-these-danas-dabaj.html]
[www.eivp-paris.fr/sites/default/files/styles/square_2x/public/2021-06/Thèse-Anas Dabaj5208.jpg]
[www.eivp-paris.fr/evenements/resilience-territoriale-quelle-evolution-des-modes-de-gouvernance.html]
[www.eivp-paris.fr/sites/default/files/styles/square_2x/public/2020-01/EIVP-séminaire-gouvernance7548.jpg]
[www.eivp-paris.fr/evenementsa139.html]
[www.eivp-paris.fr/sites/default/files/styles/max_325x325/public/2018-03/Rapport_recherche_2015_201654d2.jpg]
[www.eivp-paris.fr/sites/default/files/2018-03/rapport_recherche_eivp_2015-2016.pdf]
[www.eivp-paris.fr/recherche/nos-thematiques-de-recherche.html]
[www.eivp-paris.fr/sites/default/files/css/css_JBk9UkgwY5r_ttIe9ZLhkBWnamP3Aoxd8P4JPvgZnY4.css]
[www.eivp-paris.fr/evenements/feede0f4]
[www.eivp-paris.fr/evenements/journees-etudes-de-la-chaire-valorisation-des-terres-issues-des-chantiers-urbains.html]
[www.eivp-paris.fr/evenements/journee-detudes-de-la-chaire-transition-fonciere-renaturer-les-territoires.html]
[www.eivp-paris.fr/evenements/conf-urbaine-defis-et-solutions-pour-lintegration-massive-denergie-verte.html]
[www.eivp-paris.fr/evenements/conf-urbaine-numerique-et-biodiversite.html]
[www.eivp-paris.fr/evenements/future-days-acte-v-les-reseaux-deau-dassainissement-a-paris.html]
[www.eivp-paris.fr/evenements/seminaire-international-sur-le-design-universel.html]
[www.eivp-paris.fr/evenements003a.html]
[www.eivp-paris.fr/evenements51cd.html]
[www.eivp-paris.fr/evenements1a6a.html]
[www.eivp-paris.fr/evenements910e.html]
[www.eivp-paris.fr/evenementse0f4.html]
[www.eivp-paris.fr/sites/default/files/2019-07/presentation_du_sup_2018.pdf]
[www.eivp-paris.fr/sites/default/files/2019-07/2018_les_rivages_urbains.pdf]
[www.eivp-paris.fr/evenements0afb.html]
[www.eivp-paris.fr/sites/default/files/2018-06/rapport_final_sup_2017_0.pdf]
[www.eivp-paris.fr/formationscycle-ingenieur-en-genie-urbaindepartements-denseignement-et-de-recherche/mailto/bernard.landau@eivp-paris.html]
[www.eivp-paris.fr/sites/default/files/styles/max_325x325/public/2021-10/EIVP-syntec2021_09a03.jpg]
[www.eivp-paris.fr/actualites/prix-de-lingenierie-du-futur-une-equipe-de-leivp-en-finale.html]
[www.eivp-paris.fr/actualites/quand-les-grandes-ecoles-stimulent-la-creativite-leivp-cite-par-le-moniteur.html]
[www.eivp-paris.fr/sites/default/files/2020-11/cp_eivp.pdf]
[www.eivp-paris.fr/actualites/leivp-reinvente-son-cycle-ingenieure.html]
[www.eivp-paris.fr/actualites/jerome-gleizes-nouveau-president-de-leivp.html]
[www.eivp-paris.fr/actualites2730.html]
[www.eivp-paris.fr/actualites1b98.html]
[www.eivp-paris.fr/actualites/mission-egalite.univ-gustave-eiffel.html]
[www.eivp-paris.fr/sites/default/files/2025-03/1. Caroline Aigle - Affiche EIVP 8 mars 2025.pdf]
[www.eivp-paris.fr/actualites/integrer-leivp-un-dossier-de-letudiant-sur-le-concours-cmt.html]
[www.eivp-paris.fr/actualites/concours-2021-leivp-integre-le-concours-mines-telecom.html]
[www.eivp-paris.fr/sites/default/files/styles/max_325x325/public/2020-12/classement 1_0b15f.jpg]
[www.eivp-paris.fr/sites/default/files/styles/max_325x325/public/2021-01/Figaro-2021-EIVP-Environnement-Développement-Durable141f.jpg]
[www.eivp-paris.fr/actualites/leivp-3eme-meilleure-ecole-dingenieurs-constructionurbanisme.html]
[www.eivp-paris.fr/sites/default/files/styles/max_325x325/public/2019-11/IMG_1611ac5b.jpg]
[www.eivp-paris.fr/sites/default/files/styles/max_325x325/public/2019-11/IMG_1469_01183.jpg]
[www.eivp-paris.fr/actualites/retour-sur-le-seminaire-dintegration-de-la-nouvelle-promotion-des-iaap.html]
[www.eivp-paris.fr/actualitesaae3.html]
[www.eivp-paris.fr/actualitesbda1.html]
[www.eivp-paris.fr/sites/default/files/styles/max_325x325/public/2021-01/Chartered again_0b005.png]
[www.eivp-paris.fr/actualites/leivp-renouvelle-sa-charte-erasmus-pour-le-programme-2021-2027.html]
[www.eivp-paris.fr/sites/default/files/styles/max_325x325/public/2019-12/EIVP-Stand EG@b1a6.jpg]
[www.eivp-paris.fr/actualites/leivp-rejoint-le-consortium-eg.html]
[www.eivp-paris.fr/sites/default/files/styles/max_325x325/public/2019-12/EIVP_Urba-Manger square3f734.png]
[www.eivp-paris.fr/actualites/deux-etudiantes-eivp-bethleem-pour-reinventer-la-place-de-la-nativite.html]
[www.eivp-paris.fr/sites/default/files/styles/max_325x325/public/2019-12/EIVP_Erasmus-Stavangere88a.jpg]
[www.eivp-paris.fr/actualites/leivp-signe-4-nouveaux-partenariats-internationaux.html]
[www.eivp-paris.fr/sites/default/files/styles/max_325x325/public/2022-02/Semaine Entreprenariat 2021-49_1398f.jpg]
[www.eivp-paris.fr/sites/default/files/styles/max_325x325/public/2022-02/Semaine Entreprenariat 2021-51fad9.jpg]
[www.eivp-paris.fr/sites/default/files/2022-02/Semaine Entreprenariat 2021-44.jpg]
[www.eivp-paris.fr/sites/default/files/styles/max_325x325/public/2022-02/Semaine Entreprenariat 2021-44f707.jpg]
[www.eivp-paris.fr/sites/default/files/2022-02/Semaine Entreprenariat 2021-46_0.jpg]
[www.eivp-paris.fr/sites/default/files/styles/max_325x325/public/2022-02/Semaine Entreprenariat 2021-46_02768.jpg]
[www.eivp-paris.fr/sites/default/files/2022-02/Semaine Entreprenariat 2021-39.jpg]
[www.eivp-paris.fr/sites/default/files/styles/max_325x325/public/2022-02/Semaine Entreprenariat 2021-39b6e5.jpg]
[www.eivp-paris.fr/sites/default/files/2022-02/Semaine Entreprenariat 2021-50.jpg]
[www.eivp-paris.fr/sites/default/files/styles/max_325x325/public/2022-02/Semaine Entreprenariat 2021-50e130.jpg]
[www.eivp-paris.fr/sites/default/files/2022-02/Semaine Entreprenariat 2021-67.jpg]
[www.eivp-paris.fr/sites/default/files/styles/max_325x325/public/2022-02/Semaine Entreprenariat 2021-67ff82.jpg]
[www.eivp-paris.fr/actualites/les-eleves-de-leivp-et-veolia-imaginent-la-transformation-ecologique-de-la-ville.html]
[www.eivp-paris.fr/actualites/jardin-du-campus-la-video-du-reamenagement.html]
[www.eivp-paris.fr/actualites75ca.html]
[www.eivp-paris.fr/actualites8d6e.html]
[www.eivp-paris.fr/actualites/donnees-urbaines-un-article-de-notre-equipe-de-recherche-publie-dans-la-revue-isprs.html]
[www.eivp-paris.fr/actualites/focus-sur-urbantic-mastere-specialiser-en-genie-urbain-et-technologies-de-linformation.html]
[www.eivp-paris.fr/actualites/une-publication-de-chercheurs-de-leivp-dans-la-revue-safety-science.html]
[www.eivp-paris.fr/sites/default/files/2022-06/2022-cge-eivp-insertion_pro-vf.pdf]
[www.eivp-paris.fr/actualites/enquete-cge-2022-tres-bonne-insertion-professionnelle-de-nos-ingenieures-eivp.html]
[www.eivp-paris.fr/actualites/seminaire-jumeaux-numeriques-au-service-des-innovations-urbaines.html]
[www.eivp-paris.fr/actualites/communique-leivp-ouvre-sa-formation-dingenieur-en-genie-urbain-lapprentissage.html]
[www.eivp-paris.fr/actualites/victor-bayard-est-docteur-en-genie-urbain.html]
[www.eivp-paris.fr/sites/default/files/styles/max_325x325/public/2022-03/RS thèse Victor EIVPb6fa.jpg]
[www.eivp-paris.fr/actualites/voeux-de-franck-jung-directeur-de-leivp.html]
[www.eivp-paris.fr/sites/default/files/styles/max_325x325/public/2022-01/EIVP merci à nos soutiens7f2a.jpg]
[www.eivp-paris.fr/actualites/la-13e-edition-du-forum-rencontre-entreprises-eu-lieu-leivp.html]
[www.eivp-paris.fr/sites/default/files/styles/max_325x325/public/2021-12/Forum Entreprises EIVP 2021 3 site weba4cf.jpg]
[www.eivp-paris.fr/actualites3033.html]
[www.eivp-paris.fr/actualitesd4ac.html]
[www.eivp-paris.fr/actualites5027.html]
[www.eivp-paris.fr/actualites/une-publication-de-chercheurs-de-leivp-dans-linternational-journal-disaster-risk.html]
[www.eivp-paris.fr/sites/default/files/styles/max_325x325/public/2021-11/Irma-methodoc879.png]
[www.eivp-paris.fr/sites/default/files/styles/max_325x325/public/2021-09/EIVP-visite chantier_0ed7f.jpg]
[www.eivp-paris.fr/sites/default/files/2021-09/IMG_9595.jpg]
[www.eivp-paris.fr/sites/default/files/styles/max_325x325/public/2021-09/IMG_95952727.jpg]
[www.eivp-paris.fr/sites/default/files/2021-09/IMG_9592.jpg]
[www.eivp-paris.fr/sites/default/files/styles/max_325x325/public/2021-09/IMG_9592b901.jpg]
[www.eivp-paris.fr/sites/default/files/2021-09/image001.jpg]
[www.eivp-paris.fr/sites/default/files/styles/max_325x325/public/2021-09/image0011672.jpg]
[www.eivp-paris.fr/sites/default/files/2021-09/1631544645762.jpg]
[www.eivp-paris.fr/sites/default/files/styles/max_325x325/public/2021-09/1631544645762600d.jpg]
[www.eivp-paris.fr/sites/default/files/2021-09/IMG_9591.jpg]
[www.eivp-paris.fr/sites/default/files/styles/max_325x325/public/2021-09/IMG_95913973.jpg]
[www.eivp-paris.fr/sites/default/files/2021-09/1631542441496.jpg]
[www.eivp-paris.fr/sites/default/files/styles/max_325x325/public/2021-09/16315424414961e83.jpg]
[www.eivp-paris.fr/sites/default/files/2021-09/IMG_9583.jpg]
[www.eivp-paris.fr/sites/default/files/styles/max_325x325/public/2021-09/IMG_9583154c.jpg]
[www.eivp-paris.fr/sites/default/files/2021-09/242108308_1222898948186275_8237353617209532569_n.jpg]
[www.eivp-paris.fr/sites/default/files/styles/max_325x325/public/2021-09/242108308_1222898948186275_8237353617209532569_necff.jpg]
[www.eivp-paris.fr/sites/default/files/2021-09/visiteeau.jpg]
[www.eivp-paris.fr/sites/default/files/styles/max_325x325/public/2021-09/visiteeau297e.jpg]
[www.eivp-paris.fr/sites/default/files/2021-09/IMG_9507 - redimensionnee.jpg]
[www.eivp-paris.fr/sites/default/files/styles/max_325x325/public/2021-09/IMG_9507 - redimensionnee0896.jpg]
[www.eivp-paris.fr/actualites/visites-de-sites-et-chantiers-pour-la-promotion-63-deleves-ingenieures.html]
[www.eivp-paris.fr/sites/default/files/2021-07/2021-cge-insertion_pro_eivp-vf_0.pdf]
[www.eivp-paris.fr/actualites/enquete-cge-2021-tres-bonne-insertion-professionnelle-de-nos-ingenieures-eivp.html]
[www.eivp-paris.fr/actualites/comment-concevoir-amenager-et-gerer-des-espaces-urbains-durables-de-demain-alors-quils.html]
[www.eivp-paris.fr/sites/default/files/styles/max_325x325/public/2021-05/veolia_tribune-eivp644d.jpg]
[www.eivp-paris.fr/actualites/signature-de-la-convention-de-partenariat-pour-la-semaine-pedagogique-innovation.html]
[www.eivp-paris.fr/sites/default/files/styles/max_325x325/public/2021-04/Veolia-eivp66a4.jpg]
[www.eivp-paris.fr/actualites/leivp-partenaire-du-jury-des-green-solutions-awards.html]
[www.eivp-paris.fr/actualites/une-publication-de-chercheurs-de-leivp-dans-la-revue-sustainibility.html]
[www.eivp-paris.fr/actualites/parution-de-louvrage-les-communs-lepreuve-du-projet-urbain-eivppucaproximites.html]
[www.eivp-paris.fr/actualites9066.html]
[www.eivp-paris.fr/actualites44f9.html]
[www.eivp-paris.fr/actualitesbff6.html]
[www.eivp-paris.fr/actualites/mooc-acceptabilite-des-chantiers-urbains-furet-acu.html]
[www.eivp-paris.fr/sites/default/files/css/css_KqD_MMl2dCEJtE9blhFHSPxu7Eb09c2qAuJzjrW6_VA.css]
[www.eivp-paris.fr/actualites/ux-city-lighting-challenge.html]
[www.eivp-paris.fr/sites/default/files/styles/max_325x325/public/2019-02/vignette_-_560x480_14370.png]
[www.eivp-paris.fr/actualites/une-etudiante-eivp-recompensee-au-hackaton-organise-par-la-ffb-54.html]
[www.eivp-paris.fr/sites/default/files/styles/max_325x325/public/2018-12/hackaton-ffb54-prix-eivp-coeurba10.jpg]
[www.eivp-paris.fr/actualites/interview-de-bernard-landau-ouvrage-UE-EIVP.html]
[www.eivp-paris.fr/sites/default/files/styles/max_325x325/public/2018-10/20182410 -Chaire ECT-EIVP_0c673.jpg]
[www.eivp-paris.fr/sites/default/files/2018-10/20181024-communique_presse-chaire_ect-eivp_valorisation_terre_inertes.docx.pdf]
[www.eivp-paris.fr/actualites/eivp-ect-creent-une-nouvelle-chaire-valorisation-des-terres-issues-des-chantiers-urbains.html]
[www.eivp-paris.fr/actualites/linterview-de-youssef-diab-dir-scientifique-de-leivp-sur-louvrage-collectif-le-nouveau.html]
[www.eivp-paris.fr/sites/default/files/styles/max_325x325/public/2018-09/EIVP-Youssef-Diab-BFM-Université-dété_0840a.png]
[www.eivp-paris.fr/sites/default/files/styles/max_325x325/public/2021-04/UE-EIVP-2020-20214a8e.jpg]
[www.eivp-paris.fr/actualites/mise-en-ligne-des-videos-de-luniversite-du-genie-urbain.html]
[www.eivp-paris.fr/actualites/nina-pizzi-etudiante-en-bi-cursus-laureate-du-prix-des-espoirs-de-larchitecture.html]
[www.eivp-paris.fr/sites/default/files/styles/max_325x325/public/2021-03/Screenshot_2021-03-23 Un Prix des espoirs de l’architecture inspirée du vivant – in interiors_06826.png]
[www.eivp-paris.fr/sites/default/files/styles/max_325x325/public/2021-03/article eivp67fc.jpg]
[www.eivp-paris.fr/actualites/data-perspective-environmental-mobile-crowd-sensing-publication-dun-article-co-ecrit-par.html]
[www.eivp-paris.fr/sites/default/files/2021-03/8mars-portraits-diplomee-eivp.pdf]
[www.eivp-paris.fr/actualites/8-mars-portraits-de-8-ingenieures-diplomees-de-leivp.html]
[www.eivp-paris.fr/sites/default/files/styles/max_325x325/public/2021-03/MS-2021-02-p2a92b.jpg]
[www.eivp-paris.fr/actualites/les-etudiants-du-mastere-specialise-urbeausep-en-visite-de-chantier.html]
[www.eivp-paris.fr/sites/default/files/styles/max_325x325/public/2021-01/Chaire-ECT-EIVP_1db86.jpg]
[www.eivp-paris.fr/actualites/la-chaire-ect-eivp-sur-la-valorisation-des-terres-issues-des-chantiers-urbain-est.html]
[www.eivp-paris.fr/sites/default/files/styles/max_325x325/public/2020-11/aidesc711.jpg]
[www.eivp-paris.fr/actualites/aides-de-la-ville-de-paris-aux-etudiantes-poursuite-des-distributions-alimentaires.html]
[www.eivp-paris.fr/actualites/souheir-mehanna-doctorante-eivpuvsq-laureate-du-best-student-paper-award-de-la.html]
[www.eivp-paris.fr/sites/default/files/styles/max_325x325/public/2020-11/webist_1d128.jpg]
[www.eivp-paris.fr/actualites/leivp-sassocie-lhommage-national-samuel-paty.html]
[www.eivp-paris.fr/actualites/prix-espoirs-de-lingenierie-pour-le-projet-eivp-ca-presse.html]
[www.eivp-paris.fr/sites/default/files/styles/max_325x325/public/2020-10/pirx ingénierie2020_088ea.jpg]
[www.eivp-paris.fr/actualites/heloise-jacob-laureate-du-prix-ingenieuses-2020.html]
[www.eivp-paris.fr/sites/default/files/styles/max_325x325/public/2020-10/Ingénieuse2020-Heloise-Jacob-EIVP-lauréat_0fd10.png]
[www.eivp-paris.fr/actualites/prix-de-lingenierie-du-futur-2-equipes-de-leivp-en-finale.html]
[www.eivp-paris.fr/sites/default/files/styles/max_325x325/public/2020-09/EIVP-ingé-futur_15cf8.jpg]
[www.eivp-paris.fr/actualites/ingenieuses-2020-nomination-dheloise-jacob-diplomee-bicursus.html]
[www.eivp-paris.fr/actualites/rentree-climat-pour-la-nouvelle-promotion.html]
[www.eivp-paris.fr/sites/default/files/styles/max_325x325/public/2020-09/EIVP-frequeclimat2585f.jpg]
[www.eivp-paris.fr/sites/default/files/styles/max_325x325/public/2020-06/cerema-relev1_01152.jpg]
[www.eivp-paris.fr/actualites/mieux-comprendre-la-reconstruction-post-catastrophe.html]
[www.eivp-paris.fr/sites/default/files/styles/max_325x325/public/2020-05/Soutenance_Bocquentin_25.05.2020_03084.jpg]
[www.eivp-paris.fr/actualites/soutenance-de-la-these-de-marie-bocquentin.html]
[www.eivp-paris.fr/actualites/rentree-2020-leivp-vous-souhaite-la-bienvenue.html]
[www.eivp-paris.fr/sites/default/files/styles/max_325x325/public/2020-03/EIVP-SE-2b3c5.jpg]
[www.eivp-paris.fr/sites/default/files/2020-03/EIVP-SE-3_0.jpg]
[www.eivp-paris.fr/sites/default/files/styles/max_325x325/public/2020-03/EIVP-SE-3_0bd7f.jpg]
[www.eivp-paris.fr/sites/default/files/2020-03/EIVP-SE-4.jpg]
[www.eivp-paris.fr/sites/default/files/styles/max_325x325/public/2020-03/EIVP-SE-48d00.jpg]
[www.eivp-paris.fr/sites/default/files/2020-03/EIVP-SE-5.jpg]
[www.eivp-paris.fr/sites/default/files/styles/max_325x325/public/2020-03/EIVP-SE-5ee1c.jpg]
[www.eivp-paris.fr/sites/default/files/2020-03/EIVP-SE-6.jpg]
[www.eivp-paris.fr/sites/default/files/styles/max_325x325/public/2020-03/EIVP-SE-619ed.jpg]
[www.eivp-paris.fr/sites/default/files/2020-03/EIVP-SE-7.jpg]
[www.eivp-paris.fr/sites/default/files/styles/max_325x325/public/2020-03/EIVP-SE-74538.jpg]
[www.eivp-paris.fr/sites/default/files/2020-03/EIVP-SE-8.jpg]
[www.eivp-paris.fr/sites/default/files/styles/max_325x325/public/2020-03/EIVP-SE-8d7e9.jpg]
[www.eivp-paris.fr/sites/default/files/2020-03/EIVP-SE-9.jpg]
[www.eivp-paris.fr/sites/default/files/styles/max_325x325/public/2020-03/EIVP-SE-97509.jpg]
[www.eivp-paris.fr/sites/default/files/2020-03/EIVP-SE-10.jpg]
[www.eivp-paris.fr/sites/default/files/styles/max_325x325/public/2020-03/EIVP-SE-106a82.jpg]
[www.eivp-paris.fr/sites/default/files/2020-03/EIVP-SE-11.jpg]
[www.eivp-paris.fr/sites/default/files/styles/max_325x325/public/2020-03/EIVP-SE-119778.jpg]
[www.eivp-paris.fr/sites/default/files/2020-03/communique-presse.pdf]
[www.eivp-paris.fr/actualites/veolia-et-lecole-dingenieurs-de-la-ville-de-paris-eivp-sassocient-pour-repenser-la-ville.html]
[www.eivp-paris.fr/sites/default/files/styles/max_325x325/public/2020-01/Soutenance-Samuel Chiche06d5.jpg]
[www.eivp-paris.fr/actualites/recuperation-de-chaleur-fatale-dans-les-reseaux-de-chaleur-these-cifre-eivp-engie.html]
[www.eivp-paris.fr/sites/default/files/styles/max_325x325/public/2019-12/EIVP-JO_01290.jpg]
[www.eivp-paris.fr/sites/default/files/2019-12/communique_161219_universite_gustave_eiffel.pdf]
[www.eivp-paris.fr/actualites/parution-du-decret-portant-creation-de-luniversite-gustave-eiffel.html]
[www.eivp-paris.fr/sites/default/files/styles/max_325x325/public/2019-11/ActuEIVP_201910_Staffweek-2_00220.jpg]
[www.eivp-paris.fr/sites/default/files/2019-07/2019 EIVP_ESTP_staff week_preliminary program.pdf]
[www.eivp-paris.fr/actualites/retour-sur-la-derniere-international-staff-week.html]
[www.eivp-paris.fr/actualites/comment-cartographier-la-resilience-urbaine.html]
[www.eivp-paris.fr/actualites/le-projet-rgc4-dans-le-parisien.html]
[www.eivp-paris.fr/actualites/bienvenue-aux-admis-2019.html]
[www.eivp-paris.fr/actualites/mooc-villes-et-territoires-durables.html]
[www.eivp-paris.fr/actualites/dossier-resilience-par-eivp-et-construction-21.html]
[www.eivp-paris.fr/sites/default/files/styles/max_325x325/public/2019-02/Colloque-EIVP-ECT-Avril2019.emf_899d.jpg]
[www.eivp-paris.fr/sites/default/files/2019-04/EIVProgramTERR-10-parPage.pdf]
[www.eivp-paris.fr/actualites/colloque-la-terre-dans-tous-ses-etats.html]
[www.eivp-paris.fr/sites/default/files/styles/max_325x325/public/2025-09/forum (14 sur 14)67cb.jpg]
[www.eivp-paris.fr/sites/default/files/styles/max_325x325/public/2025-09/forum (2 sur 14)9dba.jpg]
[www.eivp-paris.fr/sites/default/files/styles/max_325x325/public/2025-09/forum (11 sur 14)0848.jpg]
[www.eivp-paris.fr/sites/default/files/styles/max_325x325/public/2025-09/forum (1 sur 14)52c5.jpg]
[www.eivp-paris.fr/evenements/forum-eivp-rencontre-entreprises.html]
[www.eivp-paris.fr/evenements/forum-eivp-rencontres-entreprises-2023.html]
[www.eivp-paris.fr/evenements/forum-eivp-rencontre-entreprises-2022.html]
[www.eivp-paris.fr/evenements/feedd4ac.html]
[www.eivp-paris.fr/evenements/semaine-innovation-entrepreneuriat-2020.html]
[www.eivp-paris.fr/sites/default/files/styles/square_2x/public/2020-02/EIVP-semaine-entreprenariat280f.jpg]
[www.eivp-paris.fr/evenements/future-days-2018-levenement-francilien-dedie-aux-acteurs-des-villes-de-demain.html]
[www.eivp-paris.fr/sites/default/files/styles/square_2x/public/2018-10/visuel EIVPa832.png]
[www.eivp-paris.fr/evenements/remise-des-green-solutions-awards-2018-leivp.html]
[www.eivp-paris.fr/sites/default/files/styles/square_2x/public/2018-09/2018pagecouverturetronqueegsawardsfr_07001.jpg]
[www.eivp-paris.fr/evenementsd4ac.html]
[www.eivp-paris.fr/evenements/feed337a.html]
[www.eivp-paris.fr/evenements/conferences-et-ateliers-de-rentree-villes-et-enjeux-climatiques.html]
[www.eivp-paris.fr/sites/default/files/styles/square_2x/public/2021-09/Diapositive11ca4.jpg]
[www.eivp-paris.fr/evenements/petit-dejeuner-presentation-d-praug-formation-en-programmation.html]
[www.eivp-paris.fr/sites/default/files/styles/square_2x/public/2021-02/D-PRAUG Bannière 2021_v84b8e.jpg]
[www.eivp-paris.fr/evenements/test-francais.html]
[www.eivp-paris.fr/sites/default/files/styles/square_2x/public/2017-11/macbookc347.jpg]
[www.eivp-paris.fr/evenements337a.html]
[www.eivp-paris.fr/sites/default/files/2020-07/Plaquette alpha EIVP 2020-2021redux.pdf]
[www.eivp-paris.fr/evenements/epreuves-orales-du-concours-mines-telecom.html]
[www.eivp-paris.fr/sites/default/files/styles/max_325x325/public/2018-03/cours construction (2)b93e.jpg]
[www.eivp-paris.fr/evenements/concours-cpge-admissions-eivp-2020-ecrits-et-resultats.html]
[www.eivp-paris.fr/sites/default/files/styles/max_325x325/public/2023-11/Visuel Chaire transition foncière lancement0eb0.jpg]
[www.eivp-paris.fr/sites/default/files/styles/max_325x325/public/2023-11/Programme événement de lancement Chaire Transition Foncière JPEG0ad5.jpg]
[www.eivp-paris.fr/sites/default/files/2023-11/programme_evenement_de_lancement_chaire_transition_fonciere.pdf]
[www.eivp-paris.fr/evenements/lancement-de-la-chaire-transition-fonciere.html]
[www.eivp-paris.fr/evenements/presentation-du-mooc-furet.html]
[www.eivp-paris.fr/evenements/mardi-de-linfo-de-lastee.html]
[www.eivp-paris.fr/evenements/feeda595.html]
[www.eivp-paris.fr/evenements/la-societe-inclusive-au-xxieme-siecle-en-europe.html]
[www.eivp-paris.fr/evenements/jumeaux-numeriques-au-service-des-innovations-urbaines.html]
[www.eivp-paris.fr/sites/default/files/styles/square_2x/public/2021-05/visuel-EIVP-ECT-Terres-Urbaine-300dpi-jaunef5aa.jpg]
[www.eivp-paris.fr/evenements9066.html]
[www.eivp-paris.fr/evenements44f9.html]
[www.eivp-paris.fr/evenementsa595.html]
[www.eivp-paris.fr/evenementsbff6.html]
[www.eivp-paris.fr/evenements/soutenance-de-these-danas-dabaj.html]
[www.eivp-paris.fr/sites/default/files/styles/max_325x325/public/2020-01/EIVP-séminaire-gouvernance_04a93.jpg]
[www.eivp-paris.fr/evenements/resilience-territoriale-quelle-evolution-des-modes-de-gouvernance.html]
[www.eivp-paris.fr/cap-idf.html]
[www.eivp-paris.fr/ep-loire.html]
[www.eivp-paris.fr/vite.html]
[www.eivp-paris.fr/adaptatio.html]
[www.eivp-paris.fr/canopee.html]
[www.eivp-paris.fr/greenov.html]
[www.eivp-paris.fr/joaquin.html]
[www.eivp-paris.fr/peps-plu.html]
[www.eivp-paris.fr/skyline.html]
[www.eivp-paris.fr/sites/default/files/styles/max_325x325/public/2024-12/Visuel ECT EIVP janvier 2025 chaire VTUe121.jpg]
[www.eivp-paris.fr/sites/default/files/2025-01/Programme journées études 21 et 22 janvier 2025 - Chaire EIVP ECT.pdf]
[www.eivp-paris.fr/evenements/journees-etudes-de-la-chaire-valorisation-des-terres-issues-des-chantiers-urbains.html]
[www.eivp-paris.fr/sites/default/files/styles/max_325x325/public/2024-11/STD JE 2 Chaire (format carré)025c.png]
[www.eivp-paris.fr/sites/default/files/2024-12/Programme journée d'étude Renaturer les territoires - 12.12.2024.pdf]
[www.eivp-paris.fr/evenements/journee-detudes-de-la-chaire-transition-fonciere-renaturer-les-territoires.html]
[www.eivp-paris.fr/sites/default/files/styles/max_325x325/public/2024-11/Conf urbaine 2 illustration 20249e4f.jpg]
[www.eivp-paris.fr/evenements/conf-urbaine-defis-et-solutions-pour-lintegration-massive-denergie-verte.html]
[www.eivp-paris.fr/sites/default/files/styles/max_325x325/public/2024-11/Conf urbaine 18 novembre 2024 V2_0c2ef.jpg]
[www.eivp-paris.fr/evenements/conf-urbaine-numerique-et-biodiversite.html]
[www.eivp-paris.fr/sites/default/files/styles/max_325x325/public/2024-10/Visuel Future Days EIVP 17 octobre2e3f.jpg]
[www.eivp-paris.fr/sites/default/files/styles/max_325x325/public/2024-10/Future Days EIVP 17 octobre 2024d8f5.jpg]
[www.eivp-paris.fr/evenements/future-days-acte-v-les-reseaux-deau-dassainissement-a-paris.html]
[www.eivp-paris.fr/sites/default/files/styles/max_325x325/public/2024-06/Visuel RS EIVP - séminaire design universel V294db.png]
[www.eivp-paris.fr/evenements/seminaire-international-sur-le-design-universel.html]
[www.eivp-paris.fr/evenements/feedd1f5.html]
[www.eivp-paris.fr/evenements003a.html]
[www.eivp-paris.fr/evenements/journee-detudes-chaire-transition-fonciere-restauration-des-fonctions-des-sols.html]
[www.eivp-paris.fr/evenements/seminaire-pollution-de-lair-et-son-impact-sanitaire-projet-air-descartes.html]
[www.eivp-paris.fr/evenements/conference-changement-climatique-dissonances-cognitives-et-passage-laction-les-shifters.html]
[www.eivp-paris.fr/evenements/8degedition-des-journees-edu-bim-universite-gustave-eiffel-les-28-et-29-novembre.html]
[www.eivp-paris.fr/evenementsdfb7.html]
[www.eivp-paris.fr/evenements/ingenierie-architecture-echangeons-sur-nos-cultures.html]
[www.eivp-paris.fr/evenements51cd.html]
[www.eivp-paris.fr/sites/default/files/styles/square_2x/public/2021-02/Screenshot_2021-02-12 EIVProgramSanT-sante-14 pdf5166.png]
[www.eivp-paris.fr/evenements/online-event-urban-resilience-cope-climate-change.html]
[www.eivp-paris.fr/sites/default/files/styles/square_2x/public/2020-09/conf-urban resilience_0e807.jpg]
[www.eivp-paris.fr/evenements869b.html]
[www.eivp-paris.fr/evenements1a6a.html]
[www.eivp-paris.fr/evenements/colloque-international-sur-la-resilience-territoriale.html]
[www.eivp-paris.fr/sites/default/files/styles/square_2x/public/2020-05/EIVP-resilience-colloque9231.png]
[www.eivp-paris.fr/evenements/eclairage-urbain-du-futur-2eme-conference-evesa-eivp.html]
[www.eivp-paris.fr/sites/default/files/styles/square_2x/public/2019-12/EIVP-Eclairage du futurd087.jpg]
[www.eivp-paris.fr/evenements/future-days-2019.html]
[www.eivp-paris.fr/sites/default/files/styles/square_2x/public/2019-07/FUTURE-DAYS-20192e21.png]
[www.eivp-paris.fr/evenements/geomtice-2019.html]
[www.eivp-paris.fr/sites/default/files/styles/square_2x/public/2019-05/GEOMATICE201980fa.jpg]
[www.eivp-paris.fr/evenements/luniversite-populaire-du-19e-saison-2019.html]
[www.eivp-paris.fr/sites/default/files/styles/square_2x/public/2019-05/2019_3_universite_popfee5.jpg]
[www.eivp-paris.fr/evenements910e.html]
[www.eivp-paris.fr/evenements/colloque-la-terre-dans-tous-ses-etats.html]
[www.eivp-paris.fr/sites/default/files/styles/square_2x/public/2019-02/Colloque-EIVP-ECT-Avril2019-v2729b.jpg]
[www.eivp-paris.fr/evenements/paris-city-challenge-2018-challenge-3-ilots-de-chaleur.html]
[www.eivp-paris.fr/sites/default/files/styles/square_2x/public/2018-04/ParisCityChallenge2018-EIVP3572.jpg]
[www.eivp-paris.fr/evenements/paris-city-challenge-2018-challenge-2-energies.html]
[www.eivp-paris.fr/evenements/paris-city-challenge-2018-challenge-1-mobilites.html]
[www.eivp-paris.fr/evenements0afb.html]
[www.eivp-paris.fr/sites/default/files/2019-07/presentation_du_sup_2018.pdf]
[www.eivp-paris.fr/formations/cycle-ingenieur-en-genie-urbain/informations-et-admissions-cycle-ingenieur/admission-par.html]
[www.eivp-paris.fr/actualites3033.html]
[www.eivp-paris.fr/actualites5027.html]
[www.eivp-paris.fr/sites/default/files/css/css_KqD_MMl2dCEJtE9blhFHSPxu7Eb09c2qAuJzjrW6_VA.css]
[www.eivp-paris.fr/actualites/Partie 1 - 18 novembre 2020 _ https_/youtu.be/ggGGabvVUJk527c.html]
[www.eivp-paris.fr/actualites/messervices.gouv.html]
[www.eivp-paris.fr/sur-le-campus/entrepreneuriat.html]
[www.eivp-paris.fr/media/991.html]
[www.eivp-paris.fr/media/545.html]
[www.eivp-paris.fr/node/107.html]
[www.eivp-paris.fr/evenements/feedd4ac.html]
[www.eivp-paris.fr/evenements4dbc.html]
[www.eivp-paris.fr/sites/default/files/styles/max_325x325/public/2020-02/EIVP-semaine-entreprenariat2534d.jpg]
[www.eivp-paris.fr/evenements/semaine-innovation-entrepreneuriat-2020.html]
[www.eivp-paris.fr/evenements0687.html]
[www.eivp-paris.fr/sites/default/files/styles/max_325x325/public/2018-10/visuel EIVP66ff.png]
[www.eivp-paris.fr/evenements/future-days-2018-levenement-francilien-dedie-aux-acteurs-des-villes-de-demain.html]
[www.eivp-paris.fr/evenements535f.html]
[www.eivp-paris.fr/sites/default/files/styles/max_325x325/public/2018-09/2018pagecouverturetronqueegsawardsfr_1b015.jpg]
[www.eivp-paris.fr/evenements/remise-des-green-solutions-awards-2018-leivp.html]
[www.eivp-paris.fr/evenements/feed337a.html]
[www.eivp-paris.fr/sites/default/files/styles/max_325x325/public/2021-09/Diapositive30e7f.jpg]
[www.eivp-paris.fr/sites/default/files/styles/max_325x325/public/2021-09/Diapositive1_0d50a.jpg]
[www.eivp-paris.fr/sites/default/files/styles/max_325x325/public/2021-09/Diapositive20a74.jpg]
[www.eivp-paris.fr/evenements/conferences-et-ateliers-de-rentree-villes-et-enjeux-climatiques.html]
[www.eivp-paris.fr/sites/default/files/styles/max_325x325/public/2021-02/D-PRAUG Bannière 2021_v83495.jpg]
[www.eivp-paris.fr/evenements/petit-dejeuner-presentation-d-praug-formation-en-programmation.html]
[www.eivp-paris.fr/en/events/test-anglais.html]
[www.eivp-paris.fr/evenements/test-francais.html]
[www.eivp-paris.fr/formations/cycle-ingenieur-en-genie-urbain/la-formation-dingenieur-en-genie-urbain.html]
[www.eivp-paris.fr/evenements/concours@eivp-paris.html]
[www.eivp-paris.fr/evenements/feeda595.html]
[www.eivp-paris.fr/evenements/la-societe-inclusive-au-xxieme-siecle-en-europe.html]
[www.eivp-paris.fr/sites/default/files/styles/max_325x325/public/2022-04/EIVP-séminaire-jumeaux numériquesc5a7.jpg]
[www.eivp-paris.fr/evenements/jumeaux-numeriques-au-service-des-innovations-urbaines.html]
[www.eivp-paris.fr/evenements/feede77e.html]
[www.eivp-paris.fr/evenements9066.html]
[www.eivp-paris.fr/sites/default/files/styles/square_2x/public/2020-01/EIVP-séminaire-gouvernance-2ae85.jpg]
[www.eivp-paris.fr/evenements44f9.html]
[www.eivp-paris.fr/evenements/ateliers-resilience-et-innovation-territoriale.html]
[www.eivp-paris.fr/evenementsbff6.html]
[addtocalendar.com/atc/1.5/atc-base.css]
[addtocalendar.com/atc/1.5/atc.min.js]
[www.eivp-paris.fr/evenements/feedd1f5.html]
[www.eivp-paris.fr/sites/default/files/styles/max_325x325/public/2024-02/Visuel pré-programme journée d'étude chaire transition foncière 21.03.248d27.jpg]
[www.eivp-paris.fr/evenements/journee-detudes-chaire-transition-fonciere-restauration-des-fonctions-des-sols.html]
[www.eivp-paris.fr/sites/default/files/styles/max_325x325/public/2023-11/Séminaire Air Descartes 13 décembre 2023a028.jpg]
[www.eivp-paris.fr/sites/default/files/2023-11/seminaire_air_descartes_13_decembre_2023.pdf]
[www.eivp-paris.fr/evenements/seminaire-pollution-de-lair-et-son-impact-sanitaire-projet-air-descartes.html]
[www.eivp-paris.fr/sites/default/files/styles/max_325x325/public/2023-04/Affiche conférence dissonances cognitives mai 20235e8c.jpg]
[www.eivp-paris.fr/sites/default/files/styles/max_325x325/public/2023-04/Logo Shifters0cb9.jpg]
[www.eivp-paris.fr/evenements/conference-changement-climatique-dissonances-cognitives-et-passage-laction-les-shifters.html]
[www.eivp-paris.fr/evenements/8degedition-des-journees-edu-bim-universite-gustave-eiffel-les-28-et-29-novembre.html]
[www.eivp-paris.fr/evenements/feeddfb7.html]
[www.eivp-paris.fr/sites/default/files/styles/square_2x/public/2021-01/banniere-jpo-EIVP-2021e3ff.jpg]
[www.eivp-paris.fr/evenements/evenements/journee-portes-ouvertes-de-leivp.html]
[www.eivp-paris.fr/evenements/ceremonie-des-voeux-de-leivp.html]
[www.eivp-paris.fr/sites/default/files/styles/square_2x/public/2020-01/EIVP-voeux2020ec81.png]
[www.eivp-paris.fr/evenementsdfb7.html]
[www.eivp-paris.fr/evenements/ingenierie-architecture-echangeons-sur-nos-cultures.html]
[www.eivp-paris.fr/sites/default/files/styles/max_325x325/public/2020-09/conf-urban resilience5cb5.jpg]
[www.eivp-paris.fr/evenements/online-event-urban-resilience-cope-climate-change.html]
[www.eivp-paris.fr/evenements/feed869b.html]
[www.eivp-paris.fr/evenements/semaine-innovation-entrepreneuriat-2022.html]
[www.eivp-paris.fr/sites/default/files/styles/square_2x/public/2018-10/IMG_5102_WEBe3f9.jpg]
[www.eivp-paris.fr/evenements/exposition-sur-les-discriminations-au-travail.html]
[www.eivp-paris.fr/evenements869b.html]
[www.eivp-paris.fr/sites/default/files/styles/max_325x325/public/2020-05/EIVP-resilience-colloque_04369.png]
[www.eivp-paris.fr/sites/default/files/2020-07/eivp_evaluerlaresilienceterritoriale_programme.pdf]
[www.eivp-paris.fr/evenements/colloque-international-sur-la-resilience-territoriale.html]
[www.eivp-paris.fr/evenements/eclairage-urbain-du-futur-2eme-conference-evesa-eivp.html]
[www.eivp-paris.fr/sites/default/files/styles/max_325x325/public/2019-07/FUTURE-DAYS-2019b490.png]
[www.eivp-paris.fr/evenements/future-days-2019.html]
[www.eivp-paris.fr/evenements/geomtice-2019.html]
[www.eivp-paris.fr/sites/default/files/styles/max_325x325/public/2019-05/GEOMATICE2019432b.jpg]
[www.eivp-paris.fr/sites/default/files/styles/max_325x325/public/2019-05/2019_3_université pop-espacepublicb49f.jpg]
[www.eivp-paris.fr/evenements/luniversite-populaire-du-19e-saison-2019.html]
[www.eivp-paris.fr/evenements/colloque-la-terre-dans-tous-ses-etats.html]
[www.eivp-paris.fr/sites/default/files/styles/max_325x325/public/2018-04/ParisCityChallenge2018-EIVP40aa.jpg]
[www.eivp-paris.fr/evenements/paris-city-challenge-2018-challenge-3-ilots-de-chaleur.html]
[www.eivp-paris.fr/evenements/paris-city-challenge-2018-challenge-2-energies.html]
[www.eivp-paris.fr/evenements/paris-city-challenge-2018-challenge-1-mobilites.html]
[www.eivp-paris.fr/evenements/feed4dbc.html]
[www.eivp-paris.fr/evenements/gala-de-leivp.html]
[www.eivp-paris.fr/sites/default/files/styles/square_2x/public/2025-03/GALA 20254289.jpg]
[www.eivp-paris.fr/evenements/european-hackathon-2024.html]
[www.eivp-paris.fr/evenements/soiree-des-ecoles-de-la-ville-de-paris.html]
[www.eivp-paris.fr/evenements/call-application-urban-planning-and-city-branding.html]
[www.eivp-paris.fr/sites/default/files/styles/square_2x/public/2019-04/Vignette Urban Planning and City Branding_16bee.png]
[www.eivp-paris.fr/evenements1f28.html]
[www.eivp-paris.fr/evenementsbfaa.html]
[www.eivp-paris.fr/evenements4dbc.html]
[www.eivp-paris.fr/evenements7bbb.html]
[www.eivp-paris.fr/evenements/feed0687]
[www.eivp-paris.fr/evenements0687.html]
[www.eivp-paris.fr/evenements/feed535f.html]
[www.eivp-paris.fr/evenements535f.html]
[www.eivp-paris.fr/evenements/patricia.ceglia@eivp-paris.html]
[www.eivp-paris.fr/evenements/inauguration-du-centre-de-ressources-des-savoirs-urbains.html]
[www.eivp-paris.fr/en/node/537.html]
[www.eivp-paris.fr/en/node/287.html]
[www.eivp-paris.fr/en/node/539.html]
[www.eivp-paris.fr/en/evenements4dbc.html]
[www.eivp-paris.fr/en/node/475.html]
[www.eivp-paris.fr/en/node/602.html]
[www.eivp-paris.fr/en/node/7.html]
[www.eivp-paris.fr/en/node/6.html]
[www.eivp-paris.fr/en/node/5.html]
[www.eivp-paris.fr/en/node/9.html]
[www.eivp-paris.fr/en/node/1.html]
[www.eivp-paris.fr/en/user/login.html]
[www.eivp-paris.fr/themes/custom/boots/assets/images/mp-logo.png]
[www.eivp-paris.fr/en/node/296.html]
[www.eivp-paris.fr/en/sitemap.html]
[www.eivp-paris.fr/sites/default/files/js/js_ka2i-4mlmalzyG3BYxlyBZJIWPXD8_8hvjedOAknp5s.js]
[www.eivp-paris.fr/en/events/test-anglais.html]
[www.eivp-paris.fr/evenements/feede77e.html]
[www.eivp-paris.fr/sites/default/files/js/js_qLXG5VA0VNoQh7TkRL3v_Jq-WTxOqF_q1AVtNfWL0FA.js]
[www.eivp-paris.fr/sites/default/files/styles/max_325x325/public/2020-01/EIVP-séminaire-gouvernance-2_0fb0c.jpg]
[www.eivp-paris.fr/evenements/ateliers-resilience-et-innovation-territoriale.html]
[www.eivp-paris.fr/evenements/feeddfb7.html]
[www.eivp-paris.fr/evenements/evenements/journee-portes-ouvertes-de-leivp.html]
[www.eivp-paris.fr/sites/default/files/styles/max_325x325/public/2021-01/Affiche JPO 2021_02636.jpg]
[www.eivp-paris.fr/sites/default/files/styles/max_325x325/public/2020-01/EIVP-voeux2020_062dd.png]
[www.eivp-paris.fr/evenements/ceremonie-des-voeux-de-leivp.html]
[www.eivp-paris.fr/evenements/feed869b.html]
[www.eivp-paris.fr/evenements/semaine-innovation-entrepreneuriat-2022.html]
[www.eivp-paris.fr/evenementseba8.html]
[www.eivp-paris.fr/sites/default/files/styles/max_325x325/public/2018-10/Illustrations-exposition9875.jpg]
[www.eivp-paris.fr/evenements/exposition-sur-les-discriminations-au-travail.html]
[www.eivp-paris.fr/evenements/feed4dbc.html]
[www.eivp-paris.fr/evenements222b.html]
[www.eivp-paris.fr/sites/default/files/styles/max_325x325/public/2025-03/GALA 2025 - Publication1e59.jpg]
[www.eivp-paris.fr/sites/default/files/styles/max_325x325/public/2025-03/GALA 2025_07e10.jpg]
[www.eivp-paris.fr/evenements/gala-de-leivp.html]
[www.eivp-paris.fr/evenements/european-hackathon-2024.html]
[www.eivp-paris.fr/sites/default/files/styles/max_325x325/public/2024-02/Affiche HACKATHON 2024 VF EIVP447d.jpg]
[www.eivp-paris.fr/evenements/soiree-des-ecoles-de-la-ville-de-paris.html]
[www.eivp-paris.fr/sites/default/files/styles/max_325x325/public/2023-04/Académie du climatdfd1.jpg]
[www.eivp-paris.fr/sites/default/files/styles/max_325x325/public/2019-04/Vignette Urban Planning and City Branding_14055.png]
[www.eivp-paris.fr/sites/default/files/2018-04/eivp_application_form_-_partenariats.pdf]
[www.eivp-paris.fr/evenements/call-application-urban-planning-and-city-branding.html]
[www.eivp-paris.fr/sites/default/files/2018-04/eivp_learning_agreement.pdf]
[www.eivp-paris.fr/evenements1f28.html]
[www.eivp-paris.fr/evenements/feed1f28.html]
[www.eivp-paris.fr/evenementsbfaa.html]
[www.eivp-paris.fr/evenements7bbb.html]
[www.eivp-paris.fr/evenements/feed535f.html]
[www.eivp-paris.fr/evenements/feed3a00.html]
[www.eivp-paris.fr/evenements/inauguration-du-centre-de-ressources-des-savoirs-urbains.html]
[www.eivp-paris.fr/sites/default/files/js/js_Es_tTcbeX0baY1APx4903bfxCW_EHc85ZCM22J9upfE.js]
[www.eivp-paris.fr/en/node/537.html]
[www.eivp-paris.fr/en/node/297.html]
[www.eivp-paris.fr/en/node/287.html]
[www.eivp-paris.fr/en/node/288.html]
[www.eivp-paris.fr/en/node/611.html]
[www.eivp-paris.fr/en/node/615.html]
[www.eivp-paris.fr/en/node/616.html]
[www.eivp-paris.fr/en/node/617.html]
[www.eivp-paris.fr/en/node/539.html]
[www.eivp-paris.fr/en/node/619.html]
[www.eivp-paris.fr/en/evenements/feed4dbc]
[www.eivp-paris.fr/en/evenements337a.html]
[www.eivp-paris.fr/en/evenements4dbc.html]
[www.eivp-paris.fr/sites/default/files/js/js_mh5aHMcPwjX-UyPmLKPtBbOaGjh8NM-DG25J8jO0jSs.js]
[www.eivp-paris.fr/en/node/276.html]
[www.eivp-paris.fr/en/node/599.html]
[www.eivp-paris.fr/en/node/246.html]
[www.eivp-paris.fr/en/node/212.html]
[www.eivp-paris.fr/en/node/533.html]
[www.eivp-paris.fr/en/node/345.html]
[www.eivp-paris.fr/en/node/475.html]
[www.eivp-paris.fr/en/node/203.html]
[www.eivp-paris.fr/en/node/103.html]
[www.eivp-paris.fr/en/node/243.html]
[www.eivp-paris.fr/en/node/13.html]
[www.eivp-paris.fr/en/node/655.html]
[www.eivp-paris.fr/en/node/196.html]
[www.eivp-paris.fr/en/node/564.html]
[www.eivp-paris.fr/en/node/602.html]
[www.eivp-paris.fr/en/node/499.html]
[www.eivp-paris.fr/en/node/653.html]
[www.eivp-paris.fr/en/node/461.html]
[www.eivp-paris.fr/en/node/555.html]
[www.eivp-paris.fr/en/node/58.html]
[www.eivp-paris.fr/en/node/149.html]
[www.eivp-paris.fr/en/node/362.html]
[www.eivp-paris.fr/en/node/7.html]
[www.eivp-paris.fr/en/node/284.html]
[www.eivp-paris.fr/en/node/274.html]
[www.eivp-paris.fr/en/node/553.html]
[www.eivp-paris.fr/en/node/286.html]
[www.eivp-paris.fr/en/node/275.html]
[www.eivp-paris.fr/en/node/6.html]
[www.eivp-paris.fr/en/node/629.html]
[www.eivp-paris.fr/en/node/156.html]
[www.eivp-paris.fr/en/node/155.html]
[www.eivp-paris.fr/en/node/481.html]
[www.eivp-paris.fr/en/node/342.html]
[www.eivp-paris.fr/en/node/238.html]
[www.eivp-paris.fr/en/node/546.html]
[www.eivp-paris.fr/en/node/547.html]
[www.eivp-paris.fr/en/node/5.html]
[www.eivp-paris.fr/en/node/161.html]
[www.eivp-paris.fr/en/node/282.html]
[www.eivp-paris.fr/en/node/9.html]
[www.eivp-paris.fr/en/node/289.html]
[www.google.com/recaptcha/api3e1d.js]
[www.eivp-paris.fr/en/node/1.html]
[www.eivp-paris.fr/news.html]
[www.eivp-paris.fr/sites/default/files/js/js_PEsYznzQFMnp_Tl0X7coUvH1voV1JCUInJNNBSB0mrs.js]
[www.eivp-paris.fr/en/user/password.html]
[www.eivp-paris.fr/en/user/login.html]
[www.eivp-paris.fr/sites/default/files/js/js_LWgyn-I_IZ50HuEVmcwt5sLoUfZQh6G1Wbk7H5g1XC8.js]
[www.eivp-paris.fr/en/node/296.html]
[www.eivp-paris.fr/en/node/192.html]
[www.eivp-paris.fr/en/node/193.html]
[www.eivp-paris.fr/en/node/517.html]
[www.eivp-paris.fr/en/node/516.html]
[www.eivp-paris.fr/en/node/518.html]
[www.eivp-paris.fr/en/node/519.html]
[www.eivp-paris.fr/en/node/520.html]
[www.eivp-paris.fr/en/node/521.html]
[www.eivp-paris.fr/en/node/522.html]
[www.eivp-paris.fr/en/node/523.html]
[www.eivp-paris.fr/en/node/524.html]
[www.eivp-paris.fr/en/node/532.html]
[www.eivp-paris.fr/en/node/525.html]
[www.eivp-paris.fr/en/node/526.html]
[www.eivp-paris.fr/en/node/527.html]
[www.eivp-paris.fr/en/node/528.html]
[www.eivp-paris.fr/en/node/530.html]
[www.eivp-paris.fr/en/node/529.html]
[www.eivp-paris.fr/en/node/531.html]
[www.eivp-paris.fr/en/node/656.html]
[www.eivp-paris.fr/en/node/227.html]
[www.eivp-paris.fr/en/node/259.html]
[www.eivp-paris.fr/en/node/245.html]
[www.eivp-paris.fr/en/node/248.html]
[www.eivp-paris.fr/en/node/664.html]
[www.eivp-paris.fr/en/node/254.html]
[www.eivp-paris.fr/en/node/253.html]
[www.eivp-paris.fr/en/node/255.html]
[www.eivp-paris.fr/en/node/356.html]
[www.eivp-paris.fr/en/node/152.html]
[www.eivp-paris.fr/en/node/153.html]
[www.eivp-paris.fr/en/node/154.html]
[www.eivp-paris.fr/en/node/234.html]
[www.eivp-paris.fr/en/node/216.html]
[www.eivp-paris.fr/en/node/220.html]
[www.eivp-paris.fr/en/node/222.html]
[www.eivp-paris.fr/en/node/224.html]
[www.eivp-paris.fr/en/sitemap.html]
[www.eivp-paris.fr/en/node/226.html]
[www.eivp-paris.fr/evenements/feedeba8.html]
[www.eivp-paris.fr/evenements/rentree-des-masteres-specialises-urbeausep-et-urbantic.html]
[www.eivp-paris.fr/evenements/rentree-ivp2-et-ivp3.html]
[www.eivp-paris.fr/evenements/rentree-ivpa2.html]
[www.eivp-paris.fr/evenements/rentree-ivp1-et-ivpa1.html]
[www.eivp-paris.fr/evenements/semaine-innovation-entrepreneuriat.html]
[www.eivp-paris.fr/evenements/semaine-resilience-gestion-de-crise.html]
[www.eivp-paris.fr/evenementsda99.html]
[www.eivp-paris.fr/evenementseba8.html]
[www.eivp-paris.fr/evenements363c.html]
[www.eivp-paris.fr/evenements222b.html]
[www.eivp-paris.fr/evenements/feed1f28.html]
[www.eivp-paris.fr/evenements/feed3a00.html]
[www.eivp-paris.fr/evenements/feed222b.html]
[www.eivp-paris.fr/en/node/297.html]
[www.eivp-paris.fr/en/node/288.html]
[www.eivp-paris.fr/en/node/611.html]
[www.eivp-paris.fr/en/node/615.html]
[www.eivp-paris.fr/en/node/616.html]
[www.eivp-paris.fr/en/node/617.html]
[www.eivp-paris.fr/en/node/619.html]
[www.eivp-paris.fr/en/evenements/feed337a]
[www.eivp-paris.fr/en/evenements337a.html]
[www.eivp-paris.fr/en/node/276.html]
[www.eivp-paris.fr/en/node/599.html]
[www.eivp-paris.fr/en/node/246.html]
[www.eivp-paris.fr/en/node/212.html]
[www.eivp-paris.fr/en/node/533.html]
[www.eivp-paris.fr/en/node/345.html]
[www.eivp-paris.fr/en/node/203.html]
[www.eivp-paris.fr/en/node/103.html]
[www.eivp-paris.fr/en/node/243.html]
[www.eivp-paris.fr/en/node/13.html]
[www.eivp-paris.fr/en/node/252.html]
[www.eivp-paris.fr/en/node/655.html]
[www.eivp-paris.fr/sites/default/files/js/js_omt1aQCqOua822qqVMYjJewSXKRhiZVZ3MSLgm35kFM.js]
[www.eivp-paris.fr/en/node/196.html]
[www.eivp-paris.fr/en/node/538.html]
[www.eivp-paris.fr/en/node/564.html]
[www.eivp-paris.fr/en/node/294.html]
[www.eivp-paris.fr/en/node/499.html]
[www.eivp-paris.fr/en/node/653.html]
[www.eivp-paris.fr/en/node/461.html]
[www.eivp-paris.fr/en/node/555.html]
[www.eivp-paris.fr/en/node/58.html]
[www.eivp-paris.fr/en/node/149.html]
[www.eivp-paris.fr/en/node/362.html]
[www.eivp-paris.fr/en/node/julien.leroy@eivp-paris.html]
[www.eivp-paris.fr/en/node/284.html]
[www.eivp-paris.fr/en/node/88.html]
[www.eivp-paris.fr/en/node/274.html]
[www.eivp-paris.fr/en/node/553.html]
[www.eivp-paris.fr/en/node/286.html]
[www.eivp-paris.fr/en/node/275.html]
[www.eivp-paris.fr/en/node/629.html]
[www.eivp-paris.fr/en/node/156.html]
[www.eivp-paris.fr/en/node/494.html]
[www.eivp-paris.fr/en/node/493.html]
[www.eivp-paris.fr/en/node/353.html]
[www.eivp-paris.fr/en/node/492.html]
[www.eivp-paris.fr/en/node/370.html]
[www.eivp-paris.fr/en/node/490.html]
[www.eivp-paris.fr/en/node/491.html]
[www.eivp-paris.fr/en/node/185.html]
[www.eivp-paris.fr/en/node/183.html]
[www.eivp-paris.fr/en/node/354.html]
[www.eivp-paris.fr/en/node/167.html]
[www.eivp-paris.fr/en/node/168.html]
[www.eivp-paris.fr/en/node/171.html]
[www.eivp-paris.fr/en/node/175.html]
[www.eivp-paris.fr/en/node/181.html]
[www.eivp-paris.fr/en/node/186.html]
[www.eivp-paris.fr/en/node/189.html]
[www.eivp-paris.fr/en/node/188.html]
[www.eivp-paris.fr/en/node/155.html]
[www.eivp-paris.fr/en/node/179.html]
[www.eivp-paris.fr/en/node/569.html]
[www.eivp-paris.fr/en/node/570.html]
[www.eivp-paris.fr/en/node/572.html]
[www.eivp-paris.fr/en/node/639.html]
[www.eivp-paris.fr/en/node/481.html]
[www.eivp-paris.fr/en/node/342.html]
[www.eivp-paris.fr/en/node/238.html]
[www.eivp-paris.fr/en/node/546.html]
[www.eivp-paris.fr/en/evenementse5a9.html]
[www.eivp-paris.fr/en/node/547.html]
[www.eivp-paris.fr/en/node/544.html]
[www.eivp-paris.fr/en/node/360.html]
[www.eivp-paris.fr/en/node/419.html]
[www.eivp-paris.fr/en/node/458.html]
[www.eivp-paris.fr/en/node/378.html]
[www.eivp-paris.fr/en/node/331.html]
[www.eivp-paris.fr/en/node/267.html]
[www.eivp-paris.fr/en/node/266.html]
[www.eivp-paris.fr/en/node/265.html]
[www.eivp-paris.fr/en/node/263.html]
[www.eivp-paris.fr/en/node/262.html]
[www.eivp-paris.fr/en/node/261.html]
[www.eivp-paris.fr/en/node/260.html]
[www.eivp-paris.fr/en/node/258.html]
[www.eivp-paris.fr/en/node/257.html]
[www.eivp-paris.fr/en/node/161.html]
[www.eivp-paris.fr/en/node/256.html]
[www.eivp-paris.fr/en/node/282.html]
[www.eivp-paris.fr/sites/default/files/js/js_e4JxuCaq4STp_MzyOPABvmns-7p3ZYLIv1-d_xQ1rcU.js]
[www.eivp-paris.fr/en/node/289.html]
[www.eivp-paris.fr/en/user/password.html]
[www.eivp-paris.fr/en/node/192.html]
[www.eivp-paris.fr/en/node/193.html]
[www.eivp-paris.fr/en/node/517.html]
[www.eivp-paris.fr/en/node/516.html]
[www.eivp-paris.fr/en/node/518.html]
[www.eivp-paris.fr/en/node/519.html]
[www.eivp-paris.fr/en/node/520.html]
[www.eivp-paris.fr/en/node/521.html]
[www.eivp-paris.fr/en/node/522.html]
[www.eivp-paris.fr/en/node/523.html]
[www.eivp-paris.fr/en/node/524.html]
[www.eivp-paris.fr/en/node/532.html]
[www.eivp-paris.fr/en/node/525.html]
[www.eivp-paris.fr/en/node/526.html]
[www.eivp-paris.fr/en/node/527.html]
[www.eivp-paris.fr/en/node/528.html]
[www.eivp-paris.fr/en/node/530.html]
[www.eivp-paris.fr/en/node/529.html]
[www.eivp-paris.fr/en/node/531.html]
[www.eivp-paris.fr/en/node/184.html]
[www.eivp-paris.fr/en/node/187.html]
[www.eivp-paris.fr/en/node/656.html]
[www.eivp-paris.fr/en/node/316.html]
[www.eivp-paris.fr/en/node/227.html]
[www.eivp-paris.fr/en/node/259.html]
[www.eivp-paris.fr/en/node/245.html]
[www.eivp-paris.fr/en/node/248.html]
[www.eivp-paris.fr/en/node/664.html]
[www.eivp-paris.fr/en/node/254.html]
[www.eivp-paris.fr/en/node/253.html]
[www.eivp-paris.fr/en/node/255.html]
[www.eivp-paris.fr/en/node/356.html]
[www.eivp-paris.fr/en/node/152.html]
[www.eivp-paris.fr/en/node/153.html]
[www.eivp-paris.fr/en/node/154.html]
[www.eivp-paris.fr/en/node/234.html]
[www.eivp-paris.fr/en/node/216.html]
[www.eivp-paris.fr/en/node/220.html]
[www.eivp-paris.fr/en/node/222.html]
[www.eivp-paris.fr/en/node/224.html]
[www.eivp-paris.fr/en/node/226.html]
[www.eivp-paris.fr/evenements/feedeba8.html]
[www.eivp-paris.fr/evenements/rentree-des-masteres-specialises-urbeausep-et-urbantic.html]
[www.eivp-paris.fr/evenements/rentree-ivp2-et-ivp3.html]
[www.eivp-paris.fr/evenements/rentree-ivpa2.html]
[www.eivp-paris.fr/evenements/rentree-ivp1-et-ivpa1.html]
[www.eivp-paris.fr/evenements/semaine-innovation-entrepreneuriat.html]
[www.eivp-paris.fr/evenements/semaine-resilience-gestion-de-crise.html]
[www.eivp-paris.fr/evenementsda99.html]
[www.eivp-paris.fr/evenements363c.html]
[www.eivp-paris.fr/evenements/feed222b.html]
[www.eivp-paris.fr/en.html]
[www.eivp-paris.fr/evenements/feed0b36.html]
[www.eivp-paris.fr/en/node/252.html]
[www.eivp-paris.fr/en/node/538.html]
[www.eivp-paris.fr/en/node/4.html]
[www.eivp-paris.fr/en/node/294.html]
[www.eivp-paris.fr/en/node/www.cleiss.html]
[www.eivp-paris.fr/en/node/230.html]
[www.eivp-paris.fr/en/node/88.html]
[www.eivp-paris.fr/en/node/www.researchgate.net/profile/Le-Hung-Tran-2.html]
[www.eivp-paris.fr/en/evenements1076.html]
[www.eivp-paris.fr/en/node/494.html]
[www.eivp-paris.fr/en/node/493.html]
[www.eivp-paris.fr/en/node/353.html]
[www.eivp-paris.fr/en/node/492.html]
[www.eivp-paris.fr/en/node/370.html]
[www.eivp-paris.fr/en/node/490.html]
[www.eivp-paris.fr/en/node/491.html]
[www.eivp-paris.fr/en/node/185.html]
[www.eivp-paris.fr/en/node/183.html]
[www.eivp-paris.fr/en/node/354.html]
[www.eivp-paris.fr/en/node/167.html]
[www.eivp-paris.fr/en/node/168.html]
[www.eivp-paris.fr/en/node/171.html]
[www.eivp-paris.fr/en/node/175.html]
[www.eivp-paris.fr/en/node/181.html]
[www.eivp-paris.fr/en/node/186.html]
[www.eivp-paris.fr/en/node/189.html]
[www.eivp-paris.fr/en/node/188.html]
[www.eivp-paris.fr/en/node/179.html]
[www.eivp-paris.fr/en/node/569.html]
[www.eivp-paris.fr/en/node/570.html]
[www.eivp-paris.fr/en/node/572.html]
[www.eivp-paris.fr/en/node/639.html]
[www.eivp-paris.fr/en/evenements/feede5a9]
[www.eivp-paris.fr/en/evenementse5a9.html]
[www.eivp-paris.fr/en/node/544.html]
[www.eivp-paris.fr/en/node/360.html]
[www.eivp-paris.fr/en/evenementse0f4.html]
[www.eivp-paris.fr/en/node/419.html]
[www.eivp-paris.fr/en/node/458.html]
[www.eivp-paris.fr/en/node/378.html]
[www.eivp-paris.fr/en/node/331.html]
[www.eivp-paris.fr/en/node/267.html]
[www.eivp-paris.fr/en/node/266.html]
[www.eivp-paris.fr/en/node/265.html]
[www.eivp-paris.fr/en/node/263.html]
[www.eivp-paris.fr/en/node/262.html]
[www.eivp-paris.fr/en/node/261.html]
[www.eivp-paris.fr/en/node/260.html]
[www.eivp-paris.fr/en/node/258.html]
[www.eivp-paris.fr/en/node/257.html]
[www.eivp-paris.fr/en/node/256.html]
[www.eivp-paris.fr/en/node/184.html]
[www.eivp-paris.fr/en/node/187.html]
[www.eivp-paris.fr/en/node/316.html]
[www.eivp-paris.fr/en/node/mailto/bernard.landau@eivp-paris.html]
[www.eivp-paris.fr/evenements/feed0b36.html]
[www.eivp-paris.fr/en/evenements/feed1076]
[www.eivp-paris.fr/en/evenements1076.html]
[www.eivp-paris.fr/en/evenements/feede0f4]
[www.eivp-paris.fr/en/events/eivp-estp-international-staff-week.html]
[www.eivp-paris.fr/sites/default/files/styles/square_2x/public/2019-07/Staff week image actu29df.png]
[www.eivp-paris.fr/en/evenements1f28.html]
[www.eivp-paris.fr/en/evenementse0f4.html]
[www.eivp-paris.fr/en/node/gabriel.jourdan@eivp-paris.html]
[www.eivp-paris.fr/sites/default/files/js/js_CF9DsecIimD72CdSFUKL2sLhOxiT6OaHJc5jcj2PWek.js]
[www.eivp-paris.fr/sites/default/files/styles/max_325x325/public/2019-07/Staff week vignettea2ea.jpg]
[www.eivp-paris.fr/en/events/eivp-estp-international-staff-week.html]
[www.eivp-paris.fr/en/evenements/feed1f28]
[www.eivp-paris.fr/en/evenements1f28.html]
